[
{
    "model": "contenttypes.contenttype",
    "pk": 1,
    "fields": {
        "app_label": "admin",
        "model": "logentry"
    }
},
{
    "model": "contenttypes.contenttype",
    "pk": 2,
    "fields": {
        "app_label": "auth",
        "model": "permission"
    }
},
{
    "model": "contenttypes.contenttype",
    "pk": 3,
    "fields": {
        "app_label": "auth",
        "model": "group"
    }
},
{
    "model": "contenttypes.contenttype",
    "pk": 4,
    "fields": {
        "app_label": "contenttypes",
        "model": "contenttype"
    }
},
{
    "model": "contenttypes.contenttype",
    "pk": 5,
    "fields": {
        "app_label": "sessions",
        "model": "session"
    }
},
{
    "model": "contenttypes.contenttype",
    "pk": 6,
    "fields": {
        "app_label": "accounts",
        "model": "user"
    }
},
{
    "model": "contenttypes.contenttype",
    "pk": 7,
    "fields": {
        "app_label": "accounts",
        "model": "guestuser"
    }
},
{
    "model": "contenttypes.contenttype",
    "pk": 8,
    "fields": {
        "app_label": "products",
        "model": "product"
    }
},
{
    "model": "contenttypes.contenttype",
    "pk": 9,
    "fields": {
        "app_label": "categories",
        "model": "category"
    }
},
{
    "model": "contenttypes.contenttype",
    "pk": 10,
    "fields": {
        "app_label": "carts",
        "model": "cart"
    }
},
{
    "model": "contenttypes.contenttype",
    "pk": 11,
    "fields": {
        "app_label": "orders",
        "model": "order"
    }
},
{
    "model": "contenttypes.contenttype",
    "pk": 12,
    "fields": {
        "app_label": "billing",
        "model": "billingprofile"
    }
},
{
    "model": "contenttypes.contenttype",
    "pk": 13,
    "fields": {
        "app_label": "analytics",
        "model": "objectviewed"
    }
},
{
    "model": "contenttypes.contenttype",
    "pk": 14,
    "fields": {
        "app_label": "billing",
        "model": "card"
    }
},
{
    "model": "contenttypes.contenttype",
    "pk": 15,
    "fields": {
        "app_label": "billing",
        "model": "charge"
    }
},
{
    "model": "contenttypes.contenttype",
    "pk": 16,
    "fields": {
        "app_label": "accounts",
        "model": "emailactivation"
    }
},
{
    "model": "contenttypes.contenttype",
    "pk": 17,
    "fields": {
        "app_label": "orders",
        "model": "productpurchase"
    }
},
{
    "model": "contenttypes.contenttype",
    "pk": 18,
    "fields": {
        "app_label": "products",
        "model": "productfile"
    }
},
{
    "model": "contenttypes.contenttype",
    "pk": 19,
    "fields": {
        "app_label": "contact",
        "model": "contact"
    }
},
{
    "model": "contenttypes.contenttype",
    "pk": 20,
    "fields": {
        "app_label": "categories",
        "model": "collection"
    }
},
{
    "model": "sessions.session",
    "pk": "28pt10rr3o2qg1a73mjeter6olcywue0",
    "fields": {
        "session_data": "NGU4NjBmY2U0YWI2MGY5OWRlZDY3MmVkZjBjYTkyNmJjOGE1NzdmMTp7fQ==",
        "expire_date": "2018-05-16T13:49:01.060Z"
    }
},
{
    "model": "sessions.session",
    "pk": "fsk01secbc9hq99s67a8fmhoaj68h0d3",
    "fields": {
        "session_data": "NTkzMjYxOWUzOWIxM2U1OGQxMmE3ODhlZjJkMmUzMmUzMDU4MGU3NTp7ImNhcnRfaWQiOjMwfQ==",
        "expire_date": "2018-05-23T23:03:37.206Z"
    }
},
{
    "model": "sessions.session",
    "pk": "k2x2scu54tl7txwpax9us8w1lf4vzllk",
    "fields": {
        "session_data": "MjM3NTFjNzU1ZmEyNTlkZDI3MmQ5ZTEwOTc4NWQ4MzU4NWM2ZDViOTp7ImNhcnRfaWQiOjM3LCJjYXJ0X2l0ZW1zIjowLCJfYXV0aF91c2VyX2lkIjoiMjEiLCJfYXV0aF91c2VyX2JhY2tlbmQiOiJkamFuZ28uY29udHJpYi5hdXRoLmJhY2tlbmRzLk1vZGVsQmFja2VuZCIsIl9hdXRoX3VzZXJfaGFzaCI6IjBiZDc1YWEwNjk3ZmQ1MWNkOTJlZDVkYWI3MWYxMWE1N2QxMWFlM2EifQ==",
        "expire_date": "2018-06-02T04:39:06.508Z"
    }
},
{
    "model": "sessions.session",
    "pk": "rhifue0i9jeoejpfdmtt1sarpyz2njuc",
    "fields": {
        "session_data": "YjE0MjliMjFkYmY2ODBhY2E1ZTcxNDYwOTU0Y2NiNGIzNDQzNjA2MTp7ImNhcnRfaWQiOjMzLCJjYXJ0X2l0ZW1zIjoxfQ==",
        "expire_date": "2018-05-23T23:34:53.860Z"
    }
},
{
    "model": "sessions.session",
    "pk": "rvb2exescxyxf5f3vjgndilgazjpqszk",
    "fields": {
        "session_data": "NGU4NjBmY2U0YWI2MGY5OWRlZDY3MmVkZjBjYTkyNmJjOGE1NzdmMTp7fQ==",
        "expire_date": "2018-05-20T23:16:58.076Z"
    }
},
{
    "model": "sessions.session",
    "pk": "uyuciljxosu1tzx461vo17nkburhfdgt",
    "fields": {
        "session_data": "OWRlNjFjZjc3NTgwNTQyODlhMzNlYzk0NGVmZmI1YTFmYjcyYTkxYzp7ImNhcnRfaWQiOjMyfQ==",
        "expire_date": "2018-05-23T23:16:29.258Z"
    }
},
{
    "model": "accounts.guestuser",
    "pk": 1,
    "fields": {
        "email": "mimi@mail.com",
        "active": true,
        "created": "2018-05-03T13:27:28.023Z",
        "changed": "2018-05-03T13:27:28.024Z"
    }
},
{
    "model": "accounts.guestuser",
    "pk": 2,
    "fields": {
        "email": "kirin@mail.com",
        "active": true,
        "created": "2018-05-03T13:34:07.299Z",
        "changed": "2018-05-03T13:34:07.299Z"
    }
},
{
    "model": "accounts.guestuser",
    "pk": 3,
    "fields": {
        "email": "mar@mail.com",
        "active": true,
        "created": "2018-05-03T14:34:19.466Z",
        "changed": "2018-05-03T14:34:19.466Z"
    }
},
{
    "model": "accounts.guestuser",
    "pk": 4,
    "fields": {
        "email": "mar@mail.com",
        "active": true,
        "created": "2018-05-07T00:05:21.752Z",
        "changed": "2018-05-07T00:05:21.752Z"
    }
},
{
    "model": "accounts.guestuser",
    "pk": 5,
    "fields": {
        "email": "mar@mail.com",
        "active": true,
        "created": "2018-05-07T00:06:09.752Z",
        "changed": "2018-05-07T00:06:09.752Z"
    }
},
{
    "model": "accounts.guestuser",
    "pk": 6,
    "fields": {
        "email": "bibi@mail.com",
        "active": true,
        "created": "2018-05-09T22:25:02.176Z",
        "changed": "2018-05-09T22:25:02.177Z"
    }
},
{
    "model": "accounts.guestuser",
    "pk": 7,
    "fields": {
        "email": "bibi@mail.com",
        "active": true,
        "created": "2018-05-09T22:25:13.450Z",
        "changed": "2018-05-09T22:25:13.450Z"
    }
},
{
    "model": "accounts.guestuser",
    "pk": 8,
    "fields": {
        "email": "bibi@mail.com",
        "active": true,
        "created": "2018-05-09T22:25:26.841Z",
        "changed": "2018-05-09T22:25:26.841Z"
    }
},
{
    "model": "accounts.guestuser",
    "pk": 9,
    "fields": {
        "email": "bibi@mail.com",
        "active": true,
        "created": "2018-05-09T22:25:53.815Z",
        "changed": "2018-05-09T22:25:53.815Z"
    }
},
{
    "model": "accounts.guestuser",
    "pk": 10,
    "fields": {
        "email": "bibi@mail.com",
        "active": true,
        "created": "2018-05-09T22:27:17.020Z",
        "changed": "2018-05-09T22:27:17.020Z"
    }
},
{
    "model": "accounts.guestuser",
    "pk": 11,
    "fields": {
        "email": "bibi@mail.com",
        "active": true,
        "created": "2018-05-09T22:37:07.886Z",
        "changed": "2018-05-09T22:37:07.886Z"
    }
},
{
    "model": "accounts.guestuser",
    "pk": 12,
    "fields": {
        "email": "new@mail.com",
        "active": true,
        "created": "2018-05-09T22:37:29.081Z",
        "changed": "2018-05-09T22:37:29.081Z"
    }
},
{
    "model": "accounts.guestuser",
    "pk": 13,
    "fields": {
        "email": "bibi@mail.com",
        "active": true,
        "created": "2018-05-09T22:38:06.806Z",
        "changed": "2018-05-09T22:38:06.806Z"
    }
},
{
    "model": "accounts.guestuser",
    "pk": 14,
    "fields": {
        "email": "bibi@mail.com",
        "active": true,
        "created": "2018-05-09T22:43:22.948Z",
        "changed": "2018-05-09T22:43:22.948Z"
    }
},
{
    "model": "accounts.guestuser",
    "pk": 15,
    "fields": {
        "email": "bibi@mail.com",
        "active": true,
        "created": "2018-05-09T22:51:13.094Z",
        "changed": "2018-05-09T22:51:13.094Z"
    }
},
{
    "model": "accounts.guestuser",
    "pk": 16,
    "fields": {
        "email": "bibi@mail.com",
        "active": true,
        "created": "2018-05-09T22:53:05.131Z",
        "changed": "2018-05-09T22:53:05.131Z"
    }
},
{
    "model": "accounts.guestuser",
    "pk": 17,
    "fields": {
        "email": "bibi@mail.com",
        "active": true,
        "created": "2018-05-09T22:59:35.944Z",
        "changed": "2018-05-09T22:59:35.944Z"
    }
},
{
    "model": "accounts.guestuser",
    "pk": 18,
    "fields": {
        "email": "bibi@mail.com",
        "active": true,
        "created": "2018-05-09T23:01:12.764Z",
        "changed": "2018-05-09T23:01:12.764Z"
    }
},
{
    "model": "products.product",
    "pk": 1,
    "fields": {
        "title": "book",
        "slug": "book",
        "description": "exciting book",
        "price": "425.00",
        "image": "products/3550967918/3550967918.jpg",
        "active": true,
        "created": "2018-05-02T13:25:20.738Z",
        "changed": "2018-05-16T18:25:41.171Z"
    }
},
{
    "model": "products.product",
    "pk": 2,
    "fields": {
        "title": "laptop",
        "slug": "laptop",
        "description": "Cool one",
        "price": "1000.00",
        "image": "products/4396261132/4396261132.jpeg",
        "active": true,
        "created": "2018-05-02T13:25:49.378Z",
        "changed": "2018-05-02T13:25:49.378Z"
    }
},
{
    "model": "products.product",
    "pk": 3,
    "fields": {
        "title": "table",
        "slug": "table",
        "description": "Comfortable! You need to buy it",
        "price": "566.00",
        "image": "products/2961842465/2961842465.jpg",
        "active": true,
        "created": "2018-05-02T13:26:27.829Z",
        "changed": "2018-05-16T18:54:57.026Z"
    }
},
{
    "model": "products.product",
    "pk": 4,
    "fields": {
        "title": "harry potter",
        "slug": "harry-potter",
        "description": "Read it!",
        "price": "123.00",
        "image": "products/3727218533/3727218533.jpg",
        "active": true,
        "created": "2018-05-16T18:26:43.913Z",
        "changed": "2018-05-16T18:26:43.913Z"
    }
},
{
    "model": "products.product",
    "pk": 5,
    "fields": {
        "title": "wind",
        "slug": "wind",
        "description": "Amazing!",
        "price": "127.00",
        "image": "products/4745597385/4745597385.jpg",
        "active": true,
        "created": "2018-05-16T18:28:02.298Z",
        "changed": "2018-05-16T18:28:14.980Z"
    }
},
{
    "model": "products.product",
    "pk": 6,
    "fields": {
        "title": "sun",
        "slug": "sun",
        "description": "cool",
        "price": "346.00",
        "image": "products/4284299994/4284299994.jpg",
        "active": true,
        "created": "2018-05-16T18:28:45.451Z",
        "changed": "2018-05-16T18:28:45.451Z"
    }
},
{
    "model": "products.product",
    "pk": 7,
    "fields": {
        "title": "Marketing wars",
        "slug": "marketing-wars",
        "description": "About marketing",
        "price": "236.00",
        "image": "products/3801712713/3801712713.jpg",
        "active": true,
        "created": "2018-05-16T18:53:21.564Z",
        "changed": "2018-05-16T18:53:21.564Z"
    }
},
{
    "model": "products.productfile",
    "pk": 1,
    "fields": {
        "product": 3,
        "file": "product/table/Arilena_Ara__Nentori_\u0420\u0438\u043d\u0433\u0442\u043e\u043d.mp3",
        "free": false
    }
},
{
    "model": "products.productfile",
    "pk": 4,
    "fields": {
        "product": 1,
        "file": "product/book/Arilena.mp3",
        "free": false
    }
},
{
    "model": "categories.category",
    "pk": 1,
    "fields": {
        "title": "Business",
        "slug": "business",
        "active": true,
        "created": "2018-05-16T15:30:09.046Z",
        "changed": "2018-05-16T15:30:09.046Z",
        "products": [
            1,
            3,
            7
        ]
    }
},
{
    "model": "categories.category",
    "pk": 2,
    "fields": {
        "title": "Fantasy",
        "slug": "fantasy",
        "active": true,
        "created": "2018-05-16T15:30:24.869Z",
        "changed": "2018-05-16T15:30:24.869Z",
        "products": []
    }
},
{
    "model": "categories.category",
    "pk": 3,
    "fields": {
        "title": "New fiction",
        "slug": "new-fiction",
        "active": true,
        "created": "2018-05-16T15:30:35.424Z",
        "changed": "2018-05-16T15:30:35.424Z",
        "products": []
    }
},
{
    "model": "categories.collection",
    "pk": 1,
    "fields": {
        "title": "Bestseller",
        "slug": "bestseller",
        "active": true,
        "created": "2018-05-16T18:24:42.646Z",
        "changed": "2018-05-16T18:51:53.694Z",
        "products": [
            1,
            2,
            4,
            5,
            6
        ]
    }
},
{
    "model": "categories.collection",
    "pk": 2,
    "fields": {
        "title": "Children",
        "slug": "children",
        "active": true,
        "created": "2018-05-16T18:51:06.895Z",
        "changed": "2018-05-16T18:51:06.895Z",
        "products": [
            2,
            3,
            4,
            5,
            6
        ]
    }
},
{
    "model": "categories.collection",
    "pk": 3,
    "fields": {
        "title": "Non fiction",
        "slug": "non-fiction",
        "active": true,
        "created": "2018-05-16T18:52:23.956Z",
        "changed": "2018-05-16T18:52:23.956Z",
        "products": [
            1,
            2,
            3,
            4,
            5,
            6,
            7
        ]
    }
},
{
    "model": "orders.order",
    "pk": 1,
    "fields": {
        "order_id": "m6jab26ry1",
        "billing_profile": 1,
        "cart": 1,
        "status": "created",
        "total": "1425.00",
        "created": "2018-05-02T13:27:17.428Z",
        "changed": "2018-05-02T13:27:17.615Z",
        "active": true
    }
},
{
    "model": "orders.order",
    "pk": 2,
    "fields": {
        "order_id": "l2qvgxb2md",
        "billing_profile": 2,
        "cart": 2,
        "status": "created",
        "total": "1425.00",
        "created": "2018-05-02T17:06:11.670Z",
        "changed": "2018-05-02T19:03:48.439Z",
        "active": true
    }
},
{
    "model": "orders.order",
    "pk": 3,
    "fields": {
        "order_id": "otfsl5sg6k",
        "billing_profile": 2,
        "cart": 3,
        "status": "created",
        "total": "1425.00",
        "created": "2018-05-02T22:34:19.699Z",
        "changed": "2018-05-02T22:34:19.860Z",
        "active": true
    }
},
{
    "model": "orders.order",
    "pk": 4,
    "fields": {
        "order_id": "pwvv699unu",
        "billing_profile": 5,
        "cart": 4,
        "status": "created",
        "total": "425.00",
        "created": "2018-05-03T01:38:31.339Z",
        "changed": "2018-05-03T01:38:31.593Z",
        "active": true
    }
},
{
    "model": "orders.order",
    "pk": 5,
    "fields": {
        "order_id": "cznjeryi10",
        "billing_profile": 5,
        "cart": 5,
        "status": "created",
        "total": "425.00",
        "created": "2018-05-03T02:00:05.625Z",
        "changed": "2018-05-03T02:00:05.842Z",
        "active": true
    }
},
{
    "model": "orders.order",
    "pk": 6,
    "fields": {
        "order_id": "jw4muy3qmo",
        "billing_profile": 6,
        "cart": 7,
        "status": "created",
        "total": "1000.00",
        "created": "2018-05-03T13:34:09.731Z",
        "changed": "2018-05-03T13:34:09.854Z",
        "active": true
    }
},
{
    "model": "orders.order",
    "pk": 7,
    "fields": {
        "order_id": "5x8kvxoptw",
        "billing_profile": 7,
        "cart": 8,
        "status": "created",
        "total": "425.00",
        "created": "2018-05-03T14:34:21.990Z",
        "changed": "2018-05-03T14:34:22.156Z",
        "active": true
    }
},
{
    "model": "orders.order",
    "pk": 8,
    "fields": {
        "order_id": "f0p3n82lmc",
        "billing_profile": 7,
        "cart": 9,
        "status": "created",
        "total": "1000.00",
        "created": "2018-05-03T14:36:43.111Z",
        "changed": "2018-05-03T14:36:43.286Z",
        "active": true
    }
},
{
    "model": "orders.order",
    "pk": 9,
    "fields": {
        "order_id": "8c5gvjws1b",
        "billing_profile": 2,
        "cart": 10,
        "status": "created",
        "total": "425.00",
        "created": "2018-05-03T17:21:53.680Z",
        "changed": "2018-05-03T17:21:54.484Z",
        "active": true
    }
},
{
    "model": "orders.order",
    "pk": 10,
    "fields": {
        "order_id": "apxytmxtq4",
        "billing_profile": 2,
        "cart": 11,
        "status": "created",
        "total": "1000.00",
        "created": "2018-05-03T17:33:29.917Z",
        "changed": "2018-05-03T17:33:30.145Z",
        "active": true
    }
},
{
    "model": "orders.order",
    "pk": 11,
    "fields": {
        "order_id": "r09ckvwhj6",
        "billing_profile": 2,
        "cart": 12,
        "status": "created",
        "total": "566.00",
        "created": "2018-05-03T17:46:24.493Z",
        "changed": "2018-05-03T17:46:24.651Z",
        "active": true
    }
},
{
    "model": "orders.order",
    "pk": 12,
    "fields": {
        "order_id": "mjxqj7ve2s",
        "billing_profile": 2,
        "cart": 13,
        "status": "created",
        "total": "1566.00",
        "created": "2018-05-03T17:47:49.962Z",
        "changed": "2018-05-03T17:47:50.127Z",
        "active": true
    }
},
{
    "model": "orders.order",
    "pk": 13,
    "fields": {
        "order_id": "be7a0t7x8c",
        "billing_profile": 2,
        "cart": 14,
        "status": "created",
        "total": "425.00",
        "created": "2018-05-03T18:10:18.886Z",
        "changed": "2018-05-03T18:10:19.192Z",
        "active": true
    }
},
{
    "model": "orders.order",
    "pk": 14,
    "fields": {
        "order_id": "8engrjr4p6",
        "billing_profile": 2,
        "cart": 15,
        "status": "created",
        "total": "425.00",
        "created": "2018-05-03T18:12:34.122Z",
        "changed": "2018-05-03T18:12:34.345Z",
        "active": true
    }
},
{
    "model": "orders.order",
    "pk": 15,
    "fields": {
        "order_id": "oo9dyd045g",
        "billing_profile": 7,
        "cart": 17,
        "status": "created",
        "total": "425.00",
        "created": "2018-05-07T00:06:10.138Z",
        "changed": "2018-05-07T00:06:10.277Z",
        "active": true
    }
},
{
    "model": "orders.order",
    "pk": 16,
    "fields": {
        "order_id": "shs2w5amk0",
        "billing_profile": 14,
        "cart": 20,
        "status": "created",
        "total": "1425.00",
        "created": "2018-05-07T16:40:01.120Z",
        "changed": "2018-05-07T16:40:01.289Z",
        "active": true
    }
},
{
    "model": "orders.order",
    "pk": 17,
    "fields": {
        "order_id": "k52mnku1ya",
        "billing_profile": 2,
        "cart": 21,
        "status": "created",
        "total": "425.00",
        "created": "2018-05-07T18:26:47.983Z",
        "changed": "2018-05-07T18:26:48.279Z",
        "active": true
    }
},
{
    "model": "orders.order",
    "pk": 18,
    "fields": {
        "order_id": "yy7owoz50s",
        "billing_profile": 2,
        "cart": 22,
        "status": "paid",
        "total": "1000.00",
        "created": "2018-05-07T18:27:30.146Z",
        "changed": "2018-05-07T18:27:35.309Z",
        "active": true
    }
},
{
    "model": "orders.order",
    "pk": 19,
    "fields": {
        "order_id": "0vvtgjt83n",
        "billing_profile": 14,
        "cart": 23,
        "status": "paid",
        "total": "425.00",
        "created": "2018-05-08T16:06:11.776Z",
        "changed": "2018-05-08T16:06:17.199Z",
        "active": true
    }
},
{
    "model": "orders.order",
    "pk": 20,
    "fields": {
        "order_id": "huuynp2upr",
        "billing_profile": 14,
        "cart": 23,
        "status": "paid",
        "total": "425.00",
        "created": "2018-05-08T16:06:50.084Z",
        "changed": "2018-05-08T16:06:52.565Z",
        "active": true
    }
},
{
    "model": "orders.order",
    "pk": 21,
    "fields": {
        "order_id": "indwlybu03",
        "billing_profile": 14,
        "cart": 25,
        "status": "paid",
        "total": "566.00",
        "created": "2018-05-09T17:29:15.909Z",
        "changed": "2018-05-09T17:29:21.463Z",
        "active": true
    }
},
{
    "model": "orders.order",
    "pk": 22,
    "fields": {
        "order_id": "g4uciwep7o",
        "billing_profile": 2,
        "cart": 28,
        "status": "created",
        "total": "425.00",
        "created": "2018-05-09T22:26:37.952Z",
        "changed": "2018-05-09T22:26:38.113Z",
        "active": true
    }
},
{
    "model": "orders.order",
    "pk": 23,
    "fields": {
        "order_id": "p7tqebq6w9",
        "billing_profile": 15,
        "cart": 29,
        "status": "paid",
        "total": "425.00",
        "created": "2018-05-09T23:01:15.071Z",
        "changed": "2018-05-09T23:01:43.622Z",
        "active": true
    }
},
{
    "model": "orders.order",
    "pk": 24,
    "fields": {
        "order_id": "jtcwumcrvj",
        "billing_profile": 14,
        "cart": 35,
        "status": "paid",
        "total": "236.00",
        "created": "2018-05-17T04:54:38.852Z",
        "changed": "2018-05-17T04:55:27.981Z",
        "active": true
    }
},
{
    "model": "orders.productpurchase",
    "pk": 1,
    "fields": {
        "order_id": "huuynp2upr",
        "billing_profile": 14,
        "product": 1,
        "created": "2018-05-08T16:06:52.711Z",
        "changed": "2018-05-08T16:06:52.711Z"
    }
},
{
    "model": "orders.productpurchase",
    "pk": 2,
    "fields": {
        "order_id": "indwlybu03",
        "billing_profile": 14,
        "product": 3,
        "created": "2018-05-09T17:29:21.735Z",
        "changed": "2018-05-09T17:29:21.735Z"
    }
},
{
    "model": "orders.productpurchase",
    "pk": 3,
    "fields": {
        "order_id": "p7tqebq6w9",
        "billing_profile": 15,
        "product": 1,
        "created": "2018-05-09T23:01:43.813Z",
        "changed": "2018-05-09T23:01:43.813Z"
    }
},
{
    "model": "orders.productpurchase",
    "pk": 4,
    "fields": {
        "order_id": "jtcwumcrvj",
        "billing_profile": 14,
        "product": 7,
        "created": "2018-05-17T04:55:28.122Z",
        "changed": "2018-05-17T04:55:28.122Z"
    }
},
{
    "model": "billing.card",
    "pk": 1,
    "fields": {
        "billing_profile": 2,
        "stripe_id": "card_1CNVqtHa5oTwisAZO1FIsxGk",
        "brand": "Visa",
        "country": "US",
        "exp_month": 4,
        "exp_year": 2024,
        "last4": "4242",
        "default": false,
        "active": true,
        "timestamp": "2018-05-03T14:35:10.247Z"
    }
},
{
    "model": "billing.card",
    "pk": 2,
    "fields": {
        "billing_profile": 2,
        "stripe_id": "card_1CNVrRHa5oTwisAZiUdUKIMD",
        "brand": "Visa",
        "country": "US",
        "exp_month": 4,
        "exp_year": 2024,
        "last4": "4242",
        "default": false,
        "active": true,
        "timestamp": "2018-05-03T14:35:10.247Z"
    }
},
{
    "model": "billing.card",
    "pk": 3,
    "fields": {
        "billing_profile": 6,
        "stripe_id": "card_1CNhZsHa5oTwisAZ3zE6x6lE",
        "brand": "Visa",
        "country": "US",
        "exp_month": 4,
        "exp_year": 2024,
        "last4": "4242",
        "default": true,
        "active": true,
        "timestamp": "2018-05-03T14:35:10.247Z"
    }
},
{
    "model": "billing.card",
    "pk": 4,
    "fields": {
        "billing_profile": 7,
        "stripe_id": "card_1CNiXTHa5oTwisAZo6XrVutF",
        "brand": "Visa",
        "country": "US",
        "exp_month": 4,
        "exp_year": 2024,
        "last4": "4242",
        "default": true,
        "active": false,
        "timestamp": "2018-05-03T14:36:04.860Z"
    }
},
{
    "model": "billing.card",
    "pk": 5,
    "fields": {
        "billing_profile": 7,
        "stripe_id": "card_1CNixyHa5oTwisAZKYHgUCV5",
        "brand": "Visa",
        "country": "US",
        "exp_month": 4,
        "exp_year": 2024,
        "last4": "4242",
        "default": true,
        "active": false,
        "timestamp": "2018-05-03T15:03:28.232Z"
    }
},
{
    "model": "billing.card",
    "pk": 6,
    "fields": {
        "billing_profile": 2,
        "stripe_id": "card_1CNlEZHa5oTwisAZlbSLAh89",
        "brand": "MasterCard",
        "country": "US",
        "exp_month": 9,
        "exp_year": 2019,
        "last4": "4444",
        "default": false,
        "active": true,
        "timestamp": "2018-05-03T17:28:44.966Z"
    }
},
{
    "model": "billing.card",
    "pk": 7,
    "fields": {
        "billing_profile": 2,
        "stripe_id": "card_1CNlqFHa5oTwisAZv3YXeXxL",
        "brand": "Discover",
        "country": "US",
        "exp_month": 9,
        "exp_year": 2019,
        "last4": "1117",
        "default": false,
        "active": true,
        "timestamp": "2018-05-03T18:07:40.949Z"
    }
},
{
    "model": "billing.card",
    "pk": 8,
    "fields": {
        "billing_profile": 2,
        "stripe_id": "card_1CNmoYHa5oTwisAZtu5kqQky",
        "brand": "Visa",
        "country": "US",
        "exp_month": 4,
        "exp_year": 2024,
        "last4": "4242",
        "default": false,
        "active": true,
        "timestamp": "2018-05-03T19:09:59.333Z"
    }
},
{
    "model": "billing.card",
    "pk": 9,
    "fields": {
        "billing_profile": 2,
        "stripe_id": "card_1CNmpVHa5oTwisAZzRCDDKvQ",
        "brand": "Visa",
        "country": "US",
        "exp_month": 4,
        "exp_year": 2024,
        "last4": "4242",
        "default": false,
        "active": true,
        "timestamp": "2018-05-03T19:10:57.657Z"
    }
},
{
    "model": "billing.card",
    "pk": 10,
    "fields": {
        "billing_profile": 2,
        "stripe_id": "card_1CNmqUHa5oTwisAZJNH3YMsk",
        "brand": "Visa",
        "country": "US",
        "exp_month": 4,
        "exp_year": 2024,
        "last4": "4242",
        "default": false,
        "active": true,
        "timestamp": "2018-05-03T19:11:58.991Z"
    }
},
{
    "model": "billing.card",
    "pk": 11,
    "fields": {
        "billing_profile": 2,
        "stripe_id": "card_1CNmr8Ha5oTwisAZ4HDFUNd8",
        "brand": "Visa",
        "country": "US",
        "exp_month": 4,
        "exp_year": 2024,
        "last4": "4242",
        "default": true,
        "active": true,
        "timestamp": "2018-05-03T19:12:38.872Z"
    }
},
{
    "model": "billing.card",
    "pk": 12,
    "fields": {
        "billing_profile": 14,
        "stripe_id": "card_1CPCT9Ha5oTwisAZG9K3gIGH",
        "brand": "Visa",
        "country": "US",
        "exp_month": 4,
        "exp_year": 2024,
        "last4": "4242",
        "default": true,
        "active": true,
        "timestamp": "2018-05-07T16:45:49.717Z"
    }
},
{
    "model": "billing.card",
    "pk": 13,
    "fields": {
        "billing_profile": 15,
        "stripe_id": "card_1CQ1HyHa5oTwisAZPWy01IOw",
        "brand": "Visa",
        "country": "US",
        "exp_month": 4,
        "exp_year": 2024,
        "last4": "4242",
        "default": true,
        "active": false,
        "timestamp": "2018-05-09T23:01:37.163Z"
    }
},
{
    "model": "billing.charge",
    "pk": 1,
    "fields": {
        "billing_profile": 2,
        "stripe_id": "ch_1CNVrkHa5oTwisAZuU8RsQQX",
        "paid": true,
        "refunded": false,
        "outcome": "{\n  \"network_status\": \"approved_by_network\",\n  \"reason\": null,\n  \"risk_level\": \"normal\",\n  \"seller_message\": \"Payment complete.\",\n  \"type\": \"authorized\"\n}",
        "outcome_type": "authorized",
        "seller_message": "Payment complete.",
        "risk_level": "normal"
    }
},
{
    "model": "billing.charge",
    "pk": 2,
    "fields": {
        "billing_profile": 6,
        "stripe_id": "ch_1CNhaDHa5oTwisAZe32tiqeS",
        "paid": true,
        "refunded": false,
        "outcome": "{\n  \"network_status\": \"approved_by_network\",\n  \"reason\": null,\n  \"risk_level\": \"normal\",\n  \"seller_message\": \"Payment complete.\",\n  \"type\": \"authorized\"\n}",
        "outcome_type": "authorized",
        "seller_message": "Payment complete.",
        "risk_level": "normal"
    }
},
{
    "model": "billing.charge",
    "pk": 3,
    "fields": {
        "billing_profile": 7,
        "stripe_id": "ch_1CNiXbHa5oTwisAZw8Gs9Udr",
        "paid": true,
        "refunded": false,
        "outcome": "{\n  \"network_status\": \"approved_by_network\",\n  \"reason\": null,\n  \"risk_level\": \"normal\",\n  \"seller_message\": \"Payment complete.\",\n  \"type\": \"authorized\"\n}",
        "outcome_type": "authorized",
        "seller_message": "Payment complete.",
        "risk_level": "normal"
    }
},
{
    "model": "billing.charge",
    "pk": 4,
    "fields": {
        "billing_profile": 7,
        "stripe_id": "ch_1CNiy6Ha5oTwisAZ0yxK84en",
        "paid": true,
        "refunded": false,
        "outcome": "{\n  \"network_status\": \"approved_by_network\",\n  \"reason\": null,\n  \"risk_level\": \"normal\",\n  \"seller_message\": \"Payment complete.\",\n  \"type\": \"authorized\"\n}",
        "outcome_type": "authorized",
        "seller_message": "Payment complete.",
        "risk_level": "normal"
    }
},
{
    "model": "billing.charge",
    "pk": 5,
    "fields": {
        "billing_profile": 2,
        "stripe_id": "ch_1CNlF1Ha5oTwisAZ0iOKhoDT",
        "paid": true,
        "refunded": false,
        "outcome": "{\n  \"network_status\": \"approved_by_network\",\n  \"reason\": null,\n  \"risk_level\": \"normal\",\n  \"seller_message\": \"Payment complete.\",\n  \"type\": \"authorized\"\n}",
        "outcome_type": "authorized",
        "seller_message": "Payment complete.",
        "risk_level": "normal"
    }
},
{
    "model": "billing.charge",
    "pk": 6,
    "fields": {
        "billing_profile": 2,
        "stripe_id": "ch_1CNlUlHa5oTwisAZxPcMmjSS",
        "paid": true,
        "refunded": false,
        "outcome": "{\n  \"network_status\": \"approved_by_network\",\n  \"reason\": null,\n  \"risk_level\": \"normal\",\n  \"seller_message\": \"Payment complete.\",\n  \"type\": \"authorized\"\n}",
        "outcome_type": "authorized",
        "seller_message": "Payment complete.",
        "risk_level": "normal"
    }
},
{
    "model": "billing.charge",
    "pk": 7,
    "fields": {
        "billing_profile": 2,
        "stripe_id": "ch_1CNlVsHa5oTwisAZwqAyGcnv",
        "paid": true,
        "refunded": false,
        "outcome": "{\n  \"network_status\": \"approved_by_network\",\n  \"reason\": null,\n  \"risk_level\": \"normal\",\n  \"seller_message\": \"Payment complete.\",\n  \"type\": \"authorized\"\n}",
        "outcome_type": "authorized",
        "seller_message": "Payment complete.",
        "risk_level": "normal"
    }
},
{
    "model": "billing.charge",
    "pk": 8,
    "fields": {
        "billing_profile": 2,
        "stripe_id": "ch_1CNlraHa5oTwisAZYOp25v1u",
        "paid": true,
        "refunded": false,
        "outcome": "{\n  \"network_status\": \"approved_by_network\",\n  \"reason\": null,\n  \"risk_level\": \"normal\",\n  \"seller_message\": \"Payment complete.\",\n  \"type\": \"authorized\"\n}",
        "outcome_type": "authorized",
        "seller_message": "Payment complete.",
        "risk_level": "normal"
    }
},
{
    "model": "billing.charge",
    "pk": 9,
    "fields": {
        "billing_profile": 14,
        "stripe_id": "ch_1CPCTMHa5oTwisAZWg0HwMMH",
        "paid": true,
        "refunded": false,
        "outcome": "{\n  \"network_status\": \"approved_by_network\",\n  \"reason\": null,\n  \"risk_level\": \"normal\",\n  \"seller_message\": \"Payment complete.\",\n  \"type\": \"authorized\"\n}",
        "outcome_type": "authorized",
        "seller_message": "Payment complete.",
        "risk_level": "normal"
    }
},
{
    "model": "billing.charge",
    "pk": 10,
    "fields": {
        "billing_profile": 2,
        "stripe_id": "ch_1CPE31Ha5oTwisAZgCHYPzyA",
        "paid": true,
        "refunded": false,
        "outcome": "{\n  \"network_status\": \"approved_by_network\",\n  \"reason\": null,\n  \"risk_level\": \"normal\",\n  \"seller_message\": \"Payment complete.\",\n  \"type\": \"authorized\"\n}",
        "outcome_type": "authorized",
        "seller_message": "Payment complete.",
        "risk_level": "normal"
    }
},
{
    "model": "billing.charge",
    "pk": 11,
    "fields": {
        "billing_profile": 2,
        "stripe_id": "ch_1CPE3fHa5oTwisAZNqBRQQpS",
        "paid": true,
        "refunded": false,
        "outcome": "{\n  \"network_status\": \"approved_by_network\",\n  \"reason\": null,\n  \"risk_level\": \"normal\",\n  \"seller_message\": \"Payment complete.\",\n  \"type\": \"authorized\"\n}",
        "outcome_type": "authorized",
        "seller_message": "Payment complete.",
        "risk_level": "normal"
    }
},
{
    "model": "billing.charge",
    "pk": 12,
    "fields": {
        "billing_profile": 14,
        "stripe_id": "ch_1CPYKVHa5oTwisAZUrtGfQfq",
        "paid": true,
        "refunded": false,
        "outcome": "{\n  \"network_status\": \"approved_by_network\",\n  \"reason\": null,\n  \"risk_level\": \"normal\",\n  \"seller_message\": \"Payment complete.\",\n  \"type\": \"authorized\"\n}",
        "outcome_type": "authorized",
        "seller_message": "Payment complete.",
        "risk_level": "normal"
    }
},
{
    "model": "billing.charge",
    "pk": 13,
    "fields": {
        "billing_profile": 14,
        "stripe_id": "ch_1CPYL4Ha5oTwisAZNsAvk9fW",
        "paid": true,
        "refunded": false,
        "outcome": "{\n  \"network_status\": \"approved_by_network\",\n  \"reason\": null,\n  \"risk_level\": \"normal\",\n  \"seller_message\": \"Payment complete.\",\n  \"type\": \"authorized\"\n}",
        "outcome_type": "authorized",
        "seller_message": "Payment complete.",
        "risk_level": "normal"
    }
},
{
    "model": "billing.charge",
    "pk": 14,
    "fields": {
        "billing_profile": 14,
        "stripe_id": "ch_1CPw6SHa5oTwisAZoXVfVwM6",
        "paid": true,
        "refunded": false,
        "outcome": "{\n  \"network_status\": \"approved_by_network\",\n  \"reason\": null,\n  \"risk_level\": \"normal\",\n  \"seller_message\": \"Payment complete.\",\n  \"type\": \"authorized\"\n}",
        "outcome_type": "authorized",
        "seller_message": "Payment complete.",
        "risk_level": "normal"
    }
},
{
    "model": "billing.charge",
    "pk": 15,
    "fields": {
        "billing_profile": 15,
        "stripe_id": "ch_1CQ1I6Ha5oTwisAZiDWDXkdF",
        "paid": true,
        "refunded": false,
        "outcome": "{\n  \"network_status\": \"approved_by_network\",\n  \"reason\": null,\n  \"risk_level\": \"normal\",\n  \"seller_message\": \"Payment complete.\",\n  \"type\": \"authorized\"\n}",
        "outcome_type": "authorized",
        "seller_message": "Payment complete.",
        "risk_level": "normal"
    }
},
{
    "model": "billing.charge",
    "pk": 16,
    "fields": {
        "billing_profile": 14,
        "stripe_id": "ch_1CSe9GHa5oTwisAZVMEm8m1Z",
        "paid": true,
        "refunded": false,
        "outcome": "{\n  \"network_status\": \"approved_by_network\",\n  \"reason\": null,\n  \"risk_level\": \"normal\",\n  \"seller_message\": \"Payment complete.\",\n  \"type\": \"authorized\"\n}",
        "outcome_type": "authorized",
        "seller_message": "Payment complete.",
        "risk_level": "normal"
    }
},
{
    "model": "contact.contact",
    "pk": 1,
    "fields": {
        "name": "me",
        "email": "me@mail.com",
        "message": "Hello"
    }
},
{
    "model": "contact.contact",
    "pk": 2,
    "fields": {
        "name": "me",
        "email": "me@mail.com",
        "message": "hi"
    }
},
{
    "model": "contact.contact",
    "pk": 3,
    "fields": {
        "name": "me",
        "email": "me@mail.com",
        "message": "hello"
    }
},
{
    "model": "contact.contact",
    "pk": 4,
    "fields": {
        "name": "me",
        "email": "me@mail.com",
        "message": "Hi dear"
    }
},
{
    "model": "auth.permission",
    "pk": 1,
    "fields": {
        "name": "Can add log entry",
        "content_type": 1,
        "codename": "add_logentry"
    }
},
{
    "model": "auth.permission",
    "pk": 2,
    "fields": {
        "name": "Can change log entry",
        "content_type": 1,
        "codename": "change_logentry"
    }
},
{
    "model": "auth.permission",
    "pk": 3,
    "fields": {
        "name": "Can delete log entry",
        "content_type": 1,
        "codename": "delete_logentry"
    }
},
{
    "model": "auth.permission",
    "pk": 4,
    "fields": {
        "name": "Can add permission",
        "content_type": 2,
        "codename": "add_permission"
    }
},
{
    "model": "auth.permission",
    "pk": 5,
    "fields": {
        "name": "Can change permission",
        "content_type": 2,
        "codename": "change_permission"
    }
},
{
    "model": "auth.permission",
    "pk": 6,
    "fields": {
        "name": "Can delete permission",
        "content_type": 2,
        "codename": "delete_permission"
    }
},
{
    "model": "auth.permission",
    "pk": 7,
    "fields": {
        "name": "Can add group",
        "content_type": 3,
        "codename": "add_group"
    }
},
{
    "model": "auth.permission",
    "pk": 8,
    "fields": {
        "name": "Can change group",
        "content_type": 3,
        "codename": "change_group"
    }
},
{
    "model": "auth.permission",
    "pk": 9,
    "fields": {
        "name": "Can delete group",
        "content_type": 3,
        "codename": "delete_group"
    }
},
{
    "model": "auth.permission",
    "pk": 10,
    "fields": {
        "name": "Can add content type",
        "content_type": 4,
        "codename": "add_contenttype"
    }
},
{
    "model": "auth.permission",
    "pk": 11,
    "fields": {
        "name": "Can change content type",
        "content_type": 4,
        "codename": "change_contenttype"
    }
},
{
    "model": "auth.permission",
    "pk": 12,
    "fields": {
        "name": "Can delete content type",
        "content_type": 4,
        "codename": "delete_contenttype"
    }
},
{
    "model": "auth.permission",
    "pk": 13,
    "fields": {
        "name": "Can add session",
        "content_type": 5,
        "codename": "add_session"
    }
},
{
    "model": "auth.permission",
    "pk": 14,
    "fields": {
        "name": "Can change session",
        "content_type": 5,
        "codename": "change_session"
    }
},
{
    "model": "auth.permission",
    "pk": 15,
    "fields": {
        "name": "Can delete session",
        "content_type": 5,
        "codename": "delete_session"
    }
},
{
    "model": "auth.permission",
    "pk": 16,
    "fields": {
        "name": "Can add user",
        "content_type": 6,
        "codename": "add_user"
    }
},
{
    "model": "auth.permission",
    "pk": 17,
    "fields": {
        "name": "Can change user",
        "content_type": 6,
        "codename": "change_user"
    }
},
{
    "model": "auth.permission",
    "pk": 18,
    "fields": {
        "name": "Can delete user",
        "content_type": 6,
        "codename": "delete_user"
    }
},
{
    "model": "auth.permission",
    "pk": 19,
    "fields": {
        "name": "Can add guest user",
        "content_type": 7,
        "codename": "add_guestuser"
    }
},
{
    "model": "auth.permission",
    "pk": 20,
    "fields": {
        "name": "Can change guest user",
        "content_type": 7,
        "codename": "change_guestuser"
    }
},
{
    "model": "auth.permission",
    "pk": 21,
    "fields": {
        "name": "Can delete guest user",
        "content_type": 7,
        "codename": "delete_guestuser"
    }
},
{
    "model": "auth.permission",
    "pk": 22,
    "fields": {
        "name": "Can add product",
        "content_type": 8,
        "codename": "add_product"
    }
},
{
    "model": "auth.permission",
    "pk": 23,
    "fields": {
        "name": "Can change product",
        "content_type": 8,
        "codename": "change_product"
    }
},
{
    "model": "auth.permission",
    "pk": 24,
    "fields": {
        "name": "Can delete product",
        "content_type": 8,
        "codename": "delete_product"
    }
},
{
    "model": "auth.permission",
    "pk": 25,
    "fields": {
        "name": "Can add Category",
        "content_type": 9,
        "codename": "add_category"
    }
},
{
    "model": "auth.permission",
    "pk": 26,
    "fields": {
        "name": "Can change Category",
        "content_type": 9,
        "codename": "change_category"
    }
},
{
    "model": "auth.permission",
    "pk": 27,
    "fields": {
        "name": "Can delete Category",
        "content_type": 9,
        "codename": "delete_category"
    }
},
{
    "model": "auth.permission",
    "pk": 28,
    "fields": {
        "name": "Can add cart",
        "content_type": 10,
        "codename": "add_cart"
    }
},
{
    "model": "auth.permission",
    "pk": 29,
    "fields": {
        "name": "Can change cart",
        "content_type": 10,
        "codename": "change_cart"
    }
},
{
    "model": "auth.permission",
    "pk": 30,
    "fields": {
        "name": "Can delete cart",
        "content_type": 10,
        "codename": "delete_cart"
    }
},
{
    "model": "auth.permission",
    "pk": 31,
    "fields": {
        "name": "Can add order",
        "content_type": 11,
        "codename": "add_order"
    }
},
{
    "model": "auth.permission",
    "pk": 32,
    "fields": {
        "name": "Can change order",
        "content_type": 11,
        "codename": "change_order"
    }
},
{
    "model": "auth.permission",
    "pk": 33,
    "fields": {
        "name": "Can delete order",
        "content_type": 11,
        "codename": "delete_order"
    }
},
{
    "model": "auth.permission",
    "pk": 34,
    "fields": {
        "name": "Can add billing profile",
        "content_type": 12,
        "codename": "add_billingprofile"
    }
},
{
    "model": "auth.permission",
    "pk": 35,
    "fields": {
        "name": "Can change billing profile",
        "content_type": 12,
        "codename": "change_billingprofile"
    }
},
{
    "model": "auth.permission",
    "pk": 36,
    "fields": {
        "name": "Can delete billing profile",
        "content_type": 12,
        "codename": "delete_billingprofile"
    }
},
{
    "model": "auth.permission",
    "pk": 37,
    "fields": {
        "name": "Can add Object viewed",
        "content_type": 13,
        "codename": "add_objectviewed"
    }
},
{
    "model": "auth.permission",
    "pk": 38,
    "fields": {
        "name": "Can change Object viewed",
        "content_type": 13,
        "codename": "change_objectviewed"
    }
},
{
    "model": "auth.permission",
    "pk": 39,
    "fields": {
        "name": "Can delete Object viewed",
        "content_type": 13,
        "codename": "delete_objectviewed"
    }
},
{
    "model": "auth.permission",
    "pk": 40,
    "fields": {
        "name": "Can add card",
        "content_type": 14,
        "codename": "add_card"
    }
},
{
    "model": "auth.permission",
    "pk": 41,
    "fields": {
        "name": "Can change card",
        "content_type": 14,
        "codename": "change_card"
    }
},
{
    "model": "auth.permission",
    "pk": 42,
    "fields": {
        "name": "Can delete card",
        "content_type": 14,
        "codename": "delete_card"
    }
},
{
    "model": "auth.permission",
    "pk": 43,
    "fields": {
        "name": "Can add charge",
        "content_type": 15,
        "codename": "add_charge"
    }
},
{
    "model": "auth.permission",
    "pk": 44,
    "fields": {
        "name": "Can change charge",
        "content_type": 15,
        "codename": "change_charge"
    }
},
{
    "model": "auth.permission",
    "pk": 45,
    "fields": {
        "name": "Can delete charge",
        "content_type": 15,
        "codename": "delete_charge"
    }
},
{
    "model": "auth.permission",
    "pk": 46,
    "fields": {
        "name": "Can add email activation",
        "content_type": 16,
        "codename": "add_emailactivation"
    }
},
{
    "model": "auth.permission",
    "pk": 47,
    "fields": {
        "name": "Can change email activation",
        "content_type": 16,
        "codename": "change_emailactivation"
    }
},
{
    "model": "auth.permission",
    "pk": 48,
    "fields": {
        "name": "Can delete email activation",
        "content_type": 16,
        "codename": "delete_emailactivation"
    }
},
{
    "model": "auth.permission",
    "pk": 49,
    "fields": {
        "name": "Can add product purchase",
        "content_type": 17,
        "codename": "add_productpurchase"
    }
},
{
    "model": "auth.permission",
    "pk": 50,
    "fields": {
        "name": "Can change product purchase",
        "content_type": 17,
        "codename": "change_productpurchase"
    }
},
{
    "model": "auth.permission",
    "pk": 51,
    "fields": {
        "name": "Can delete product purchase",
        "content_type": 17,
        "codename": "delete_productpurchase"
    }
},
{
    "model": "auth.permission",
    "pk": 52,
    "fields": {
        "name": "Can add product file",
        "content_type": 18,
        "codename": "add_productfile"
    }
},
{
    "model": "auth.permission",
    "pk": 53,
    "fields": {
        "name": "Can change product file",
        "content_type": 18,
        "codename": "change_productfile"
    }
},
{
    "model": "auth.permission",
    "pk": 54,
    "fields": {
        "name": "Can delete product file",
        "content_type": 18,
        "codename": "delete_productfile"
    }
},
{
    "model": "auth.permission",
    "pk": 55,
    "fields": {
        "name": "Can add contact",
        "content_type": 19,
        "codename": "add_contact"
    }
},
{
    "model": "auth.permission",
    "pk": 56,
    "fields": {
        "name": "Can change contact",
        "content_type": 19,
        "codename": "change_contact"
    }
},
{
    "model": "auth.permission",
    "pk": 57,
    "fields": {
        "name": "Can delete contact",
        "content_type": 19,
        "codename": "delete_contact"
    }
},
{
    "model": "auth.permission",
    "pk": 58,
    "fields": {
        "name": "Can add collection",
        "content_type": 20,
        "codename": "add_collection"
    }
},
{
    "model": "auth.permission",
    "pk": 59,
    "fields": {
        "name": "Can change collection",
        "content_type": 20,
        "codename": "change_collection"
    }
},
{
    "model": "auth.permission",
    "pk": 60,
    "fields": {
        "name": "Can delete collection",
        "content_type": 20,
        "codename": "delete_collection"
    }
},
{
    "model": "accounts.user",
    "pk": 1,
    "fields": {
        "password": "pbkdf2_sha256$100000$IaC7um6UqWd6$2IGg6WLnoZcAZQpG4p3k+uJfQOf7cHKXjSvWnepJ3bY=",
        "last_login": "2018-05-17T05:36:11.980Z",
        "is_superuser": true,
        "email": "admin@mail.com",
        "name": null,
        "is_active": true,
        "staff": true,
        "admin": true,
        "created": "2018-05-02T11:43:03.104Z",
        "groups": [],
        "user_permissions": []
    }
},
{
    "model": "accounts.user",
    "pk": 2,
    "fields": {
        "password": "pbkdf2_sha256$100000$xwIKDE2MydkG$JbmV2qiqsFWCNR02PNPK/PoRuGmze/N7//hg18nfZWg=",
        "last_login": "2018-05-09T22:26:37.505Z",
        "is_superuser": false,
        "email": "lele@mail.com",
        "name": "lele",
        "is_active": true,
        "staff": false,
        "admin": false,
        "created": "2018-05-02T11:48:17.035Z",
        "groups": [],
        "user_permissions": []
    }
},
{
    "model": "accounts.user",
    "pk": 3,
    "fields": {
        "password": "!4wk8TrodG7udZNsucWdYDaDbyWoUAPe4N4SR50kW",
        "last_login": null,
        "is_superuser": false,
        "email": "a@gmail.com",
        "name": null,
        "is_active": true,
        "staff": false,
        "admin": false,
        "created": "2018-05-02T12:55:43.009Z",
        "groups": [],
        "user_permissions": []
    }
},
{
    "model": "accounts.user",
    "pk": 4,
    "fields": {
        "password": "pbkdf2_sha256$100000$WFvd3V2bb5EY$AlbyMz2pY2JEiUUHydXDLW1gobO2ZKfKLWqBfU69OVs=",
        "last_login": "2018-05-02T13:07:56.925Z",
        "is_superuser": false,
        "email": "n@mail.com",
        "name": "n",
        "is_active": false,
        "staff": false,
        "admin": false,
        "created": "2018-05-02T13:07:31.615Z",
        "groups": [],
        "user_permissions": []
    }
},
{
    "model": "accounts.user",
    "pk": 5,
    "fields": {
        "password": "pbkdf2_sha256$100000$VMYe5IrGjslJ$PPaezEMvNn7G0SrHsu86hFzjzD/z4Le1nlxPBOU99nM=",
        "last_login": "2018-05-03T01:59:54.960Z",
        "is_superuser": false,
        "email": "new@mail.com",
        "name": "new",
        "is_active": false,
        "staff": false,
        "admin": false,
        "created": "2018-05-02T13:41:27.197Z",
        "groups": [],
        "user_permissions": []
    }
},
{
    "model": "accounts.user",
    "pk": 15,
    "fields": {
        "password": "pbkdf2_sha256$100000$M2S8QGDpVBsB$YwiAe+AKizHIRdaVnI3Uou+OgO3slOkvGkARl/PgCzU=",
        "last_login": "2018-05-17T05:37:46.752Z",
        "is_superuser": false,
        "email": "le0nana0888@gmail.com",
        "name": "helen",
        "is_active": true,
        "staff": false,
        "admin": false,
        "created": "2018-05-07T01:06:20.146Z",
        "groups": [],
        "user_permissions": []
    }
},
{
    "model": "accounts.user",
    "pk": 16,
    "fields": {
        "password": "pbkdf2_sha256$100000$MCNpw68lVedJ$sHxn472G5W88t8LgttADF+OVhvv0lABDQ9d4M9aDg2M=",
        "last_login": null,
        "is_superuser": false,
        "email": "lili@mail.com",
        "name": "lili@mail.com",
        "is_active": false,
        "staff": false,
        "admin": false,
        "created": "2018-05-18T16:18:39.810Z",
        "groups": [],
        "user_permissions": []
    }
},
{
    "model": "accounts.user",
    "pk": 17,
    "fields": {
        "password": "pbkdf2_sha256$100000$t4fvoSLfRNiQ$pLPHW3bAp8lH0bNMdFikV88+IxHmWX2H8hiwJb2zQMQ=",
        "last_login": null,
        "is_superuser": false,
        "email": "gh@mail.com",
        "name": "gh@mail.com",
        "is_active": false,
        "staff": false,
        "admin": false,
        "created": "2018-05-18T16:22:54.753Z",
        "groups": [],
        "user_permissions": []
    }
},
{
    "model": "accounts.user",
    "pk": 18,
    "fields": {
        "password": "pbkdf2_sha256$100000$QIWA4kqDFtp7$sOoet5K2KxGlXLGXT2edhrHuLI74yTO9XjxczmhBf4A=",
        "last_login": null,
        "is_superuser": false,
        "email": "hf@mail.com",
        "name": "hf@mail.com",
        "is_active": false,
        "staff": false,
        "admin": false,
        "created": "2018-05-18T16:23:45.145Z",
        "groups": [],
        "user_permissions": []
    }
},
{
    "model": "accounts.user",
    "pk": 19,
    "fields": {
        "password": "pbkdf2_sha256$100000$l0PPuPYbxwOw$kJpjVGF1kQg3dj8/y6rCenqOLxXl0KSHxSGo7LzqKpA=",
        "last_login": null,
        "is_superuser": false,
        "email": "ki@mail.com",
        "name": "",
        "is_active": false,
        "staff": false,
        "admin": false,
        "created": "2018-05-18T19:06:19.100Z",
        "groups": [],
        "user_permissions": []
    }
},
{
    "model": "accounts.user",
    "pk": 20,
    "fields": {
        "password": "pbkdf2_sha256$100000$1mXZD58ojdfk$8q4YntQ09M4MWhBaBWLVfiDFL05rFMGjX4r/jYgOBJo=",
        "last_login": null,
        "is_superuser": false,
        "email": "g@mail.com",
        "name": "",
        "is_active": false,
        "staff": false,
        "admin": false,
        "created": "2018-05-18T19:07:07.499Z",
        "groups": [],
        "user_permissions": []
    }
},
{
    "model": "accounts.user",
    "pk": 21,
    "fields": {
        "password": "pbkdf2_sha256$100000$3UuHHCMKu8nA$PxRkMJyeyRHh7U61Wy6zcG29XxiwBgivWsmnX4WS5Pc=",
        "last_login": "2018-05-19T04:39:06.402Z",
        "is_superuser": false,
        "email": "mur@mail.com",
        "name": "",
        "is_active": true,
        "staff": false,
        "admin": false,
        "created": "2018-05-19T04:36:02.964Z",
        "groups": [],
        "user_permissions": []
    }
},
{
    "model": "accounts.emailactivation",
    "pk": 8,
    "fields": {
        "user": 15,
        "email": "le0nana0888@gmail.com",
        "key": "3jxdkgqfxa2rg51f02u4xot2wphs0zfk7",
        "activated": true,
        "forced_expired": false,
        "expires": 7,
        "created": "2018-05-07T01:06:20.310Z",
        "updated": "2018-05-07T01:07:04.040Z"
    }
},
{
    "model": "accounts.emailactivation",
    "pk": 9,
    "fields": {
        "user": 16,
        "email": "lili@mail.com",
        "key": "itrtqmkik55nt8nb5egguu9gkqdpfj",
        "activated": false,
        "forced_expired": false,
        "expires": 7,
        "created": "2018-05-18T16:18:40.094Z",
        "updated": "2018-05-18T16:18:40.094Z"
    }
},
{
    "model": "accounts.emailactivation",
    "pk": 10,
    "fields": {
        "user": 17,
        "email": "gh@mail.com",
        "key": "ea7rxb3hq6kkkf29vo79b8e88cusonopwuxvoftc0n",
        "activated": false,
        "forced_expired": false,
        "expires": 7,
        "created": "2018-05-18T16:22:54.892Z",
        "updated": "2018-05-18T16:22:54.892Z"
    }
},
{
    "model": "accounts.emailactivation",
    "pk": 11,
    "fields": {
        "user": 18,
        "email": "hf@mail.com",
        "key": "3k3c03v0hubiq7qn9jid5i50xfsk3s019yucx3och",
        "activated": false,
        "forced_expired": false,
        "expires": 7,
        "created": "2018-05-18T16:23:45.295Z",
        "updated": "2018-05-18T16:23:45.295Z"
    }
},
{
    "model": "accounts.emailactivation",
    "pk": 12,
    "fields": {
        "user": 19,
        "email": "ki@mail.com",
        "key": "8t4bjw3b6r0gw93krj6vaqiyam4s8f",
        "activated": false,
        "forced_expired": false,
        "expires": 7,
        "created": "2018-05-18T19:06:19.303Z",
        "updated": "2018-05-18T19:06:19.303Z"
    }
},
{
    "model": "accounts.emailactivation",
    "pk": 13,
    "fields": {
        "user": 20,
        "email": "g@mail.com",
        "key": "ru9eie3zmpl5h6yyclf4ohjv750m45v6",
        "activated": false,
        "forced_expired": false,
        "expires": 7,
        "created": "2018-05-18T19:07:07.711Z",
        "updated": "2018-05-18T19:07:07.711Z"
    }
},
{
    "model": "accounts.emailactivation",
    "pk": 14,
    "fields": {
        "user": 21,
        "email": "mur@mail.com",
        "key": "c6g73g03svt41u82fx1wksdxjj0j08zswtllafyea",
        "activated": true,
        "forced_expired": false,
        "expires": 7,
        "created": "2018-05-19T04:36:03.109Z",
        "updated": "2018-05-19T04:36:03.109Z"
    }
},
{
    "model": "carts.cart",
    "pk": 1,
    "fields": {
        "user": 1,
        "total": "1425.00",
        "created": "2018-05-02T13:27:06.438Z",
        "updated": "2018-05-02T13:27:13.044Z",
        "products": [
            1,
            2
        ]
    }
},
{
    "model": "carts.cart",
    "pk": 2,
    "fields": {
        "user": 2,
        "total": "1425.00",
        "created": "2018-05-02T17:06:04.914Z",
        "updated": "2018-05-02T19:03:48.419Z",
        "products": [
            1,
            2
        ]
    }
},
{
    "model": "carts.cart",
    "pk": 3,
    "fields": {
        "user": 2,
        "total": "1425.00",
        "created": "2018-05-02T21:25:18.707Z",
        "updated": "2018-05-02T22:34:03.510Z",
        "products": [
            1,
            2
        ]
    }
},
{
    "model": "carts.cart",
    "pk": 4,
    "fields": {
        "user": 5,
        "total": "425.00",
        "created": "2018-05-03T01:38:25.716Z",
        "updated": "2018-05-03T01:38:27.437Z",
        "products": [
            1
        ]
    }
},
{
    "model": "carts.cart",
    "pk": 5,
    "fields": {
        "user": 5,
        "total": "425.00",
        "created": "2018-05-03T01:59:59.685Z",
        "updated": "2018-05-03T02:00:01.535Z",
        "products": [
            1
        ]
    }
},
{
    "model": "carts.cart",
    "pk": 6,
    "fields": {
        "user": null,
        "total": "1000.00",
        "created": "2018-05-03T12:47:57.842Z",
        "updated": "2018-05-03T12:48:07.460Z",
        "products": [
            2
        ]
    }
},
{
    "model": "carts.cart",
    "pk": 7,
    "fields": {
        "user": null,
        "total": "1000.00",
        "created": "2018-05-03T13:33:47.859Z",
        "updated": "2018-05-03T13:33:50.753Z",
        "products": [
            2
        ]
    }
},
{
    "model": "carts.cart",
    "pk": 8,
    "fields": {
        "user": null,
        "total": "425.00",
        "created": "2018-05-03T14:34:08.560Z",
        "updated": "2018-05-03T14:34:10.222Z",
        "products": [
            1
        ]
    }
},
{
    "model": "carts.cart",
    "pk": 9,
    "fields": {
        "user": null,
        "total": "1000.00",
        "created": "2018-05-03T14:36:23.068Z",
        "updated": "2018-05-03T14:36:36.527Z",
        "products": [
            2
        ]
    }
},
{
    "model": "carts.cart",
    "pk": 10,
    "fields": {
        "user": 2,
        "total": "425.00",
        "created": "2018-05-03T17:21:46.159Z",
        "updated": "2018-05-03T17:21:48.092Z",
        "products": [
            1
        ]
    }
},
{
    "model": "carts.cart",
    "pk": 11,
    "fields": {
        "user": 2,
        "total": "1000.00",
        "created": "2018-05-03T17:33:21.831Z",
        "updated": "2018-05-03T17:33:25.002Z",
        "products": [
            2
        ]
    }
},
{
    "model": "carts.cart",
    "pk": 12,
    "fields": {
        "user": 2,
        "total": "566.00",
        "created": "2018-05-03T17:46:11.757Z",
        "updated": "2018-05-03T17:46:19.004Z",
        "products": [
            3
        ]
    }
},
{
    "model": "carts.cart",
    "pk": 13,
    "fields": {
        "user": 2,
        "total": "1566.00",
        "created": "2018-05-03T17:47:02.146Z",
        "updated": "2018-05-03T17:47:11.951Z",
        "products": [
            2,
            3
        ]
    }
},
{
    "model": "carts.cart",
    "pk": 14,
    "fields": {
        "user": 2,
        "total": "425.00",
        "created": "2018-05-03T18:10:11.621Z",
        "updated": "2018-05-03T18:10:14.479Z",
        "products": [
            1
        ]
    }
},
{
    "model": "carts.cart",
    "pk": 15,
    "fields": {
        "user": 2,
        "total": "425.00",
        "created": "2018-05-03T18:12:26.854Z",
        "updated": "2018-05-03T18:12:29.189Z",
        "products": [
            1
        ]
    }
},
{
    "model": "carts.cart",
    "pk": 16,
    "fields": {
        "user": 2,
        "total": "0.00",
        "created": "2018-05-04T16:23:05.389Z",
        "updated": "2018-05-04T16:23:05.389Z",
        "products": []
    }
},
{
    "model": "carts.cart",
    "pk": 17,
    "fields": {
        "user": null,
        "total": "425.00",
        "created": "2018-05-07T00:00:41.988Z",
        "updated": "2018-05-07T00:00:43.647Z",
        "products": [
            1
        ]
    }
},
{
    "model": "carts.cart",
    "pk": 18,
    "fields": {
        "user": 15,
        "total": "0.00",
        "created": "2018-05-07T02:02:04.355Z",
        "updated": "2018-05-07T02:02:04.355Z",
        "products": []
    }
},
{
    "model": "carts.cart",
    "pk": 19,
    "fields": {
        "user": 15,
        "total": "0.00",
        "created": "2018-05-07T02:05:44.618Z",
        "updated": "2018-05-07T02:05:44.618Z",
        "products": []
    }
},
{
    "model": "carts.cart",
    "pk": 20,
    "fields": {
        "user": 15,
        "total": "1425.00",
        "created": "2018-05-07T02:18:21.543Z",
        "updated": "2018-05-07T16:39:39.961Z",
        "products": [
            1,
            2
        ]
    }
},
{
    "model": "carts.cart",
    "pk": 21,
    "fields": {
        "user": 2,
        "total": "425.00",
        "created": "2018-05-07T18:26:41.553Z",
        "updated": "2018-05-07T18:26:43.312Z",
        "products": [
            1
        ]
    }
},
{
    "model": "carts.cart",
    "pk": 22,
    "fields": {
        "user": 2,
        "total": "1000.00",
        "created": "2018-05-07T18:27:24.731Z",
        "updated": "2018-05-07T18:27:26.712Z",
        "products": [
            2
        ]
    }
},
{
    "model": "carts.cart",
    "pk": 23,
    "fields": {
        "user": 15,
        "total": "425.00",
        "created": "2018-05-08T16:06:05.751Z",
        "updated": "2018-05-08T16:06:07.627Z",
        "products": [
            1
        ]
    }
},
{
    "model": "carts.cart",
    "pk": 24,
    "fields": {
        "user": 15,
        "total": "0.00",
        "created": "2018-05-09T13:21:46.689Z",
        "updated": "2018-05-09T13:21:46.689Z",
        "products": []
    }
},
{
    "model": "carts.cart",
    "pk": 25,
    "fields": {
        "user": 15,
        "total": "566.00",
        "created": "2018-05-09T17:28:50.751Z",
        "updated": "2018-05-09T17:29:11.880Z",
        "products": [
            3
        ]
    }
},
{
    "model": "carts.cart",
    "pk": 26,
    "fields": {
        "user": 15,
        "total": "0.00",
        "created": "2018-05-09T18:40:30.647Z",
        "updated": "2018-05-09T18:40:30.647Z",
        "products": []
    }
},
{
    "model": "carts.cart",
    "pk": 27,
    "fields": {
        "user": 2,
        "total": "0.00",
        "created": "2018-05-09T22:16:06.732Z",
        "updated": "2018-05-09T22:16:06.732Z",
        "products": []
    }
},
{
    "model": "carts.cart",
    "pk": 28,
    "fields": {
        "user": 2,
        "total": "425.00",
        "created": "2018-05-09T22:16:30.170Z",
        "updated": "2018-05-09T22:26:37.792Z",
        "products": [
            1
        ]
    }
},
{
    "model": "carts.cart",
    "pk": 29,
    "fields": {
        "user": null,
        "total": "425.00",
        "created": "2018-05-09T22:26:49.151Z",
        "updated": "2018-05-09T22:27:05.987Z",
        "products": [
            1
        ]
    }
},
{
    "model": "carts.cart",
    "pk": 30,
    "fields": {
        "user": null,
        "total": "0.00",
        "created": "2018-05-09T23:03:36.695Z",
        "updated": "2018-05-09T23:03:36.695Z",
        "products": []
    }
},
{
    "model": "carts.cart",
    "pk": 31,
    "fields": {
        "user": 15,
        "total": "1000.00",
        "created": "2018-05-09T23:03:38.093Z",
        "updated": "2018-05-10T03:51:38.224Z",
        "products": [
            2
        ]
    }
},
{
    "model": "carts.cart",
    "pk": 32,
    "fields": {
        "user": null,
        "total": "0.00",
        "created": "2018-05-09T23:16:28.836Z",
        "updated": "2018-05-09T23:16:28.836Z",
        "products": []
    }
},
{
    "model": "carts.cart",
    "pk": 33,
    "fields": {
        "user": null,
        "total": "425.00",
        "created": "2018-05-09T23:16:29.938Z",
        "updated": "2018-05-09T23:34:53.722Z",
        "products": [
            1
        ]
    }
},
{
    "model": "carts.cart",
    "pk": 34,
    "fields": {
        "user": 1,
        "total": "1566.00",
        "created": "2018-05-16T18:02:28.164Z",
        "updated": "2018-05-17T02:16:48.692Z",
        "products": [
            2,
            3
        ]
    }
},
{
    "model": "carts.cart",
    "pk": 35,
    "fields": {
        "user": 15,
        "total": "236.00",
        "created": "2018-05-17T02:54:06.226Z",
        "updated": "2018-05-17T04:54:22.794Z",
        "products": [
            7
        ]
    }
},
{
    "model": "carts.cart",
    "pk": 36,
    "fields": {
        "user": 15,
        "total": "0.00",
        "created": "2018-05-18T10:32:35.455Z",
        "updated": "2018-05-18T10:32:35.455Z",
        "products": []
    }
},
{
    "model": "carts.cart",
    "pk": 37,
    "fields": {
        "user": null,
        "total": "0.00",
        "created": "2018-05-18T13:44:30.599Z",
        "updated": "2018-05-18T13:58:28.808Z",
        "products": []
    }
},
{
    "model": "billing.billingprofile",
    "pk": 1,
    "fields": {
        "user": 1,
        "email": "admin@mail.com",
        "active": true,
        "created": "2018-05-02T11:43:03.255Z",
        "changed": "2018-05-02T11:43:03.255Z",
        "stripe_id": null
    }
},
{
    "model": "billing.billingprofile",
    "pk": 2,
    "fields": {
        "user": 2,
        "email": "lele@mail.com",
        "active": true,
        "created": "2018-05-02T11:48:17.191Z",
        "changed": "2018-05-02T17:03:18.215Z",
        "stripe_id": "cus_CmyJMeYK9FLAxn"
    }
},
{
    "model": "billing.billingprofile",
    "pk": 3,
    "fields": {
        "user": 3,
        "email": "a@gmail.com",
        "active": true,
        "created": "2018-05-02T12:55:43.173Z",
        "changed": "2018-05-02T12:55:43.173Z",
        "stripe_id": null
    }
},
{
    "model": "billing.billingprofile",
    "pk": 4,
    "fields": {
        "user": 4,
        "email": "n@mail.com",
        "active": true,
        "created": "2018-05-02T13:07:31.850Z",
        "changed": "2018-05-02T13:07:31.850Z",
        "stripe_id": null
    }
},
{
    "model": "billing.billingprofile",
    "pk": 5,
    "fields": {
        "user": 5,
        "email": "new@mail.com",
        "active": true,
        "created": "2018-05-02T13:41:27.352Z",
        "changed": "2018-05-02T13:41:27.352Z",
        "stripe_id": null
    }
},
{
    "model": "billing.billingprofile",
    "pk": 6,
    "fields": {
        "user": null,
        "email": "kirin@mail.com",
        "active": true,
        "created": "2018-05-03T13:34:09.564Z",
        "changed": "2018-05-03T13:34:09.564Z",
        "stripe_id": "cus_CnI9f0NAKaJVv0"
    }
},
{
    "model": "billing.billingprofile",
    "pk": 7,
    "fields": {
        "user": null,
        "email": "mar@mail.com",
        "active": true,
        "created": "2018-05-03T14:34:21.795Z",
        "changed": "2018-05-03T14:34:21.795Z",
        "stripe_id": "cus_CnJ82XgGwdv99t"
    }
},
{
    "model": "billing.billingprofile",
    "pk": 8,
    "fields": {
        "user": 6,
        "email": "le0nana0888@gmail.com",
        "active": true,
        "created": "2018-05-04T19:33:48.295Z",
        "changed": "2018-05-04T19:33:48.296Z",
        "stripe_id": "cus_CnlBV9aPKjuhAN"
    }
},
{
    "model": "billing.billingprofile",
    "pk": 14,
    "fields": {
        "user": 15,
        "email": "le0nana0888@gmail.com",
        "active": true,
        "created": "2018-05-07T01:06:26.066Z",
        "changed": "2018-05-07T01:06:26.066Z",
        "stripe_id": "cus_Cob0dZ0XpFBTxz"
    }
},
{
    "model": "billing.billingprofile",
    "pk": 15,
    "fields": {
        "user": null,
        "email": "bibi@mail.com",
        "active": true,
        "created": "2018-05-09T23:01:14.926Z",
        "changed": "2018-05-09T23:01:14.926Z",
        "stripe_id": "cus_Cpge86ExKtGecQ"
    }
},
{
    "model": "billing.billingprofile",
    "pk": 16,
    "fields": {
        "user": 16,
        "email": "lili@mail.com",
        "active": true,
        "created": "2018-05-18T16:18:49.498Z",
        "changed": "2018-05-18T16:18:49.498Z",
        "stripe_id": "cus_CsxCLsowsVmtKd"
    }
},
{
    "model": "billing.billingprofile",
    "pk": 17,
    "fields": {
        "user": 17,
        "email": "gh@mail.com",
        "active": true,
        "created": "2018-05-18T16:22:59.246Z",
        "changed": "2018-05-18T16:22:59.246Z",
        "stripe_id": "cus_CsxG58m9WO0Nxa"
    }
},
{
    "model": "billing.billingprofile",
    "pk": 18,
    "fields": {
        "user": 18,
        "email": "hf@mail.com",
        "active": true,
        "created": "2018-05-18T16:23:49.425Z",
        "changed": "2018-05-18T16:23:49.425Z",
        "stripe_id": "cus_CsxHSMc8Y3zA2m"
    }
},
{
    "model": "billing.billingprofile",
    "pk": 19,
    "fields": {
        "user": 19,
        "email": "ki@mail.com",
        "active": true,
        "created": "2018-05-18T19:06:26.877Z",
        "changed": "2018-05-18T19:06:26.877Z",
        "stripe_id": "cus_Cszuugoe9s2I3x"
    }
},
{
    "model": "billing.billingprofile",
    "pk": 20,
    "fields": {
        "user": 20,
        "email": "g@mail.com",
        "active": true,
        "created": "2018-05-18T19:07:10.518Z",
        "changed": "2018-05-18T19:07:10.518Z",
        "stripe_id": "cus_CszuzdXDmEW8qd"
    }
},
{
    "model": "billing.billingprofile",
    "pk": 21,
    "fields": {
        "user": 21,
        "email": "mur@mail.com",
        "active": true,
        "created": "2018-05-19T04:36:08.943Z",
        "changed": "2018-05-19T04:36:08.943Z",
        "stripe_id": "cus_Ct95LVEFubAGKg"
    }
},
{
    "model": "analytics.objectviewed",
    "pk": 1,
    "fields": {
        "user": 15,
        "ip_address": null,
        "content_type": 8,
        "object_id": 1,
        "created": "2018-05-07T02:17:17.160Z"
    }
},
{
    "model": "analytics.objectviewed",
    "pk": 2,
    "fields": {
        "user": 15,
        "ip_address": null,
        "content_type": 8,
        "object_id": 2,
        "created": "2018-05-07T02:17:34.292Z"
    }
},
{
    "model": "analytics.objectviewed",
    "pk": 3,
    "fields": {
        "user": 15,
        "ip_address": null,
        "content_type": 8,
        "object_id": 1,
        "created": "2018-05-07T02:17:48.359Z"
    }
},
{
    "model": "analytics.objectviewed",
    "pk": 4,
    "fields": {
        "user": 15,
        "ip_address": "127.0.0.1",
        "content_type": 8,
        "object_id": 3,
        "created": "2018-05-07T02:22:47.430Z"
    }
},
{
    "model": "analytics.objectviewed",
    "pk": 5,
    "fields": {
        "user": 15,
        "ip_address": "127.0.0.1",
        "content_type": 8,
        "object_id": 1,
        "created": "2018-05-07T16:39:32.389Z"
    }
},
{
    "model": "analytics.objectviewed",
    "pk": 6,
    "fields": {
        "user": 15,
        "ip_address": "127.0.0.1",
        "content_type": 8,
        "object_id": 2,
        "created": "2018-05-07T16:39:37.943Z"
    }
},
{
    "model": "analytics.objectviewed",
    "pk": 7,
    "fields": {
        "user": 2,
        "ip_address": "127.0.0.1",
        "content_type": 8,
        "object_id": 1,
        "created": "2018-05-07T18:26:41.453Z"
    }
},
{
    "model": "analytics.objectviewed",
    "pk": 8,
    "fields": {
        "user": 2,
        "ip_address": "127.0.0.1",
        "content_type": 8,
        "object_id": 2,
        "created": "2018-05-07T18:27:24.580Z"
    }
},
{
    "model": "analytics.objectviewed",
    "pk": 9,
    "fields": {
        "user": 15,
        "ip_address": "127.0.0.1",
        "content_type": 8,
        "object_id": 1,
        "created": "2018-05-08T16:06:05.618Z"
    }
},
{
    "model": "analytics.objectviewed",
    "pk": 10,
    "fields": {
        "user": 15,
        "ip_address": "127.0.0.1",
        "content_type": 8,
        "object_id": 1,
        "created": "2018-05-09T13:21:46.491Z"
    }
},
{
    "model": "analytics.objectviewed",
    "pk": 11,
    "fields": {
        "user": 15,
        "ip_address": "127.0.0.1",
        "content_type": 8,
        "object_id": 1,
        "created": "2018-05-09T17:28:50.544Z"
    }
},
{
    "model": "analytics.objectviewed",
    "pk": 12,
    "fields": {
        "user": 15,
        "ip_address": "127.0.0.1",
        "content_type": 8,
        "object_id": 2,
        "created": "2018-05-09T17:28:56.334Z"
    }
},
{
    "model": "analytics.objectviewed",
    "pk": 13,
    "fields": {
        "user": 15,
        "ip_address": "127.0.0.1",
        "content_type": 8,
        "object_id": 3,
        "created": "2018-05-09T17:29:09.609Z"
    }
},
{
    "model": "analytics.objectviewed",
    "pk": 14,
    "fields": {
        "user": 15,
        "ip_address": "127.0.0.1",
        "content_type": 8,
        "object_id": 3,
        "created": "2018-05-09T18:40:30.335Z"
    }
},
{
    "model": "analytics.objectviewed",
    "pk": 15,
    "fields": {
        "user": 15,
        "ip_address": "127.0.0.1",
        "content_type": 8,
        "object_id": 3,
        "created": "2018-05-09T20:11:22.503Z"
    }
},
{
    "model": "analytics.objectviewed",
    "pk": 16,
    "fields": {
        "user": 2,
        "ip_address": "127.0.0.1",
        "content_type": 8,
        "object_id": 1,
        "created": "2018-05-09T22:16:06.550Z"
    }
},
{
    "model": "analytics.objectviewed",
    "pk": 17,
    "fields": {
        "user": null,
        "ip_address": "127.0.0.1",
        "content_type": 8,
        "object_id": 1,
        "created": "2018-05-09T22:16:29.827Z"
    }
},
{
    "model": "analytics.objectviewed",
    "pk": 18,
    "fields": {
        "user": null,
        "ip_address": "127.0.0.1",
        "content_type": 8,
        "object_id": 3,
        "created": "2018-05-09T22:26:49.013Z"
    }
},
{
    "model": "analytics.objectviewed",
    "pk": 19,
    "fields": {
        "user": null,
        "ip_address": "127.0.0.1",
        "content_type": 8,
        "object_id": 1,
        "created": "2018-05-09T22:27:04.514Z"
    }
},
{
    "model": "analytics.objectviewed",
    "pk": 20,
    "fields": {
        "user": null,
        "ip_address": "127.0.0.1",
        "content_type": 8,
        "object_id": 1,
        "created": "2018-05-09T23:03:36.352Z"
    }
},
{
    "model": "analytics.objectviewed",
    "pk": 21,
    "fields": {
        "user": null,
        "ip_address": "127.0.0.1",
        "content_type": 8,
        "object_id": 1,
        "created": "2018-05-09T23:03:37.724Z"
    }
},
{
    "model": "analytics.objectviewed",
    "pk": 22,
    "fields": {
        "user": null,
        "ip_address": "127.0.0.1",
        "content_type": 8,
        "object_id": 1,
        "created": "2018-05-09T23:04:09.610Z"
    }
},
{
    "model": "analytics.objectviewed",
    "pk": 23,
    "fields": {
        "user": null,
        "ip_address": "127.0.0.1",
        "content_type": 8,
        "object_id": 1,
        "created": "2018-05-09T23:04:10.661Z"
    }
},
{
    "model": "analytics.objectviewed",
    "pk": 24,
    "fields": {
        "user": null,
        "ip_address": "127.0.0.1",
        "content_type": 8,
        "object_id": 1,
        "created": "2018-05-09T23:04:18.135Z"
    }
},
{
    "model": "analytics.objectviewed",
    "pk": 25,
    "fields": {
        "user": null,
        "ip_address": "127.0.0.1",
        "content_type": 8,
        "object_id": 1,
        "created": "2018-05-09T23:04:18.771Z"
    }
},
{
    "model": "analytics.objectviewed",
    "pk": 26,
    "fields": {
        "user": null,
        "ip_address": "127.0.0.1",
        "content_type": 8,
        "object_id": 1,
        "created": "2018-05-09T23:04:26.430Z"
    }
},
{
    "model": "analytics.objectviewed",
    "pk": 27,
    "fields": {
        "user": null,
        "ip_address": "127.0.0.1",
        "content_type": 8,
        "object_id": 1,
        "created": "2018-05-09T23:04:28.100Z"
    }
},
{
    "model": "analytics.objectviewed",
    "pk": 28,
    "fields": {
        "user": null,
        "ip_address": "127.0.0.1",
        "content_type": 8,
        "object_id": 1,
        "created": "2018-05-09T23:04:34.065Z"
    }
},
{
    "model": "analytics.objectviewed",
    "pk": 29,
    "fields": {
        "user": null,
        "ip_address": "127.0.0.1",
        "content_type": 8,
        "object_id": 1,
        "created": "2018-05-09T23:04:35.149Z"
    }
},
{
    "model": "analytics.objectviewed",
    "pk": 30,
    "fields": {
        "user": null,
        "ip_address": "127.0.0.1",
        "content_type": 8,
        "object_id": 1,
        "created": "2018-05-09T23:04:43.841Z"
    }
},
{
    "model": "analytics.objectviewed",
    "pk": 31,
    "fields": {
        "user": null,
        "ip_address": "127.0.0.1",
        "content_type": 8,
        "object_id": 1,
        "created": "2018-05-09T23:05:36.932Z"
    }
},
{
    "model": "analytics.objectviewed",
    "pk": 32,
    "fields": {
        "user": null,
        "ip_address": "127.0.0.1",
        "content_type": 8,
        "object_id": 2,
        "created": "2018-05-09T23:05:42.063Z"
    }
},
{
    "model": "analytics.objectviewed",
    "pk": 33,
    "fields": {
        "user": null,
        "ip_address": "127.0.0.1",
        "content_type": 8,
        "object_id": 1,
        "created": "2018-05-09T23:08:04.363Z"
    }
},
{
    "model": "analytics.objectviewed",
    "pk": 34,
    "fields": {
        "user": null,
        "ip_address": "127.0.0.1",
        "content_type": 8,
        "object_id": 1,
        "created": "2018-05-09T23:08:05.608Z"
    }
},
{
    "model": "analytics.objectviewed",
    "pk": 35,
    "fields": {
        "user": null,
        "ip_address": "127.0.0.1",
        "content_type": 8,
        "object_id": 1,
        "created": "2018-05-09T23:08:27.221Z"
    }
},
{
    "model": "analytics.objectviewed",
    "pk": 36,
    "fields": {
        "user": null,
        "ip_address": "127.0.0.1",
        "content_type": 8,
        "object_id": 1,
        "created": "2018-05-09T23:08:33.567Z"
    }
},
{
    "model": "analytics.objectviewed",
    "pk": 37,
    "fields": {
        "user": null,
        "ip_address": "127.0.0.1",
        "content_type": 8,
        "object_id": 1,
        "created": "2018-05-09T23:08:56.011Z"
    }
},
{
    "model": "analytics.objectviewed",
    "pk": 38,
    "fields": {
        "user": null,
        "ip_address": "127.0.0.1",
        "content_type": 8,
        "object_id": 1,
        "created": "2018-05-09T23:12:38.429Z"
    }
},
{
    "model": "analytics.objectviewed",
    "pk": 39,
    "fields": {
        "user": null,
        "ip_address": "127.0.0.1",
        "content_type": 8,
        "object_id": 1,
        "created": "2018-05-09T23:12:39.069Z"
    }
},
{
    "model": "analytics.objectviewed",
    "pk": 40,
    "fields": {
        "user": null,
        "ip_address": "127.0.0.1",
        "content_type": 8,
        "object_id": 1,
        "created": "2018-05-09T23:12:47.147Z"
    }
},
{
    "model": "analytics.objectviewed",
    "pk": 41,
    "fields": {
        "user": null,
        "ip_address": "127.0.0.1",
        "content_type": 8,
        "object_id": 1,
        "created": "2018-05-09T23:12:48.114Z"
    }
},
{
    "model": "analytics.objectviewed",
    "pk": 42,
    "fields": {
        "user": null,
        "ip_address": "127.0.0.1",
        "content_type": 8,
        "object_id": 1,
        "created": "2018-05-09T23:13:01.473Z"
    }
},
{
    "model": "analytics.objectviewed",
    "pk": 43,
    "fields": {
        "user": null,
        "ip_address": "127.0.0.1",
        "content_type": 8,
        "object_id": 1,
        "created": "2018-05-09T23:13:02.293Z"
    }
},
{
    "model": "analytics.objectviewed",
    "pk": 44,
    "fields": {
        "user": null,
        "ip_address": "127.0.0.1",
        "content_type": 8,
        "object_id": 1,
        "created": "2018-05-09T23:13:16.654Z"
    }
},
{
    "model": "analytics.objectviewed",
    "pk": 45,
    "fields": {
        "user": null,
        "ip_address": "127.0.0.1",
        "content_type": 8,
        "object_id": 1,
        "created": "2018-05-09T23:13:17.318Z"
    }
},
{
    "model": "analytics.objectviewed",
    "pk": 46,
    "fields": {
        "user": null,
        "ip_address": "127.0.0.1",
        "content_type": 8,
        "object_id": 1,
        "created": "2018-05-09T23:13:22.714Z"
    }
},
{
    "model": "analytics.objectviewed",
    "pk": 47,
    "fields": {
        "user": null,
        "ip_address": "127.0.0.1",
        "content_type": 8,
        "object_id": 1,
        "created": "2018-05-09T23:13:31.652Z"
    }
},
{
    "model": "analytics.objectviewed",
    "pk": 48,
    "fields": {
        "user": null,
        "ip_address": "127.0.0.1",
        "content_type": 8,
        "object_id": 1,
        "created": "2018-05-09T23:13:32.316Z"
    }
},
{
    "model": "analytics.objectviewed",
    "pk": 49,
    "fields": {
        "user": null,
        "ip_address": "127.0.0.1",
        "content_type": 8,
        "object_id": 1,
        "created": "2018-05-09T23:14:31.698Z"
    }
},
{
    "model": "analytics.objectviewed",
    "pk": 50,
    "fields": {
        "user": null,
        "ip_address": "127.0.0.1",
        "content_type": 8,
        "object_id": 1,
        "created": "2018-05-09T23:14:32.315Z"
    }
},
{
    "model": "analytics.objectviewed",
    "pk": 51,
    "fields": {
        "user": null,
        "ip_address": "127.0.0.1",
        "content_type": 8,
        "object_id": 1,
        "created": "2018-05-09T23:16:28.477Z"
    }
},
{
    "model": "analytics.objectviewed",
    "pk": 52,
    "fields": {
        "user": null,
        "ip_address": "127.0.0.1",
        "content_type": 8,
        "object_id": 1,
        "created": "2018-05-09T23:16:29.635Z"
    }
},
{
    "model": "analytics.objectviewed",
    "pk": 53,
    "fields": {
        "user": null,
        "ip_address": "127.0.0.1",
        "content_type": 8,
        "object_id": 1,
        "created": "2018-05-09T23:21:49.954Z"
    }
},
{
    "model": "analytics.objectviewed",
    "pk": 54,
    "fields": {
        "user": null,
        "ip_address": "127.0.0.1",
        "content_type": 8,
        "object_id": 1,
        "created": "2018-05-09T23:21:50.506Z"
    }
},
{
    "model": "analytics.objectviewed",
    "pk": 55,
    "fields": {
        "user": null,
        "ip_address": "127.0.0.1",
        "content_type": 8,
        "object_id": 1,
        "created": "2018-05-09T23:21:57.073Z"
    }
},
{
    "model": "analytics.objectviewed",
    "pk": 56,
    "fields": {
        "user": null,
        "ip_address": "127.0.0.1",
        "content_type": 8,
        "object_id": 1,
        "created": "2018-05-09T23:22:10.383Z"
    }
},
{
    "model": "analytics.objectviewed",
    "pk": 57,
    "fields": {
        "user": null,
        "ip_address": "127.0.0.1",
        "content_type": 8,
        "object_id": 1,
        "created": "2018-05-09T23:22:15.306Z"
    }
},
{
    "model": "analytics.objectviewed",
    "pk": 58,
    "fields": {
        "user": null,
        "ip_address": "127.0.0.1",
        "content_type": 8,
        "object_id": 1,
        "created": "2018-05-09T23:26:16.286Z"
    }
},
{
    "model": "analytics.objectviewed",
    "pk": 59,
    "fields": {
        "user": null,
        "ip_address": "127.0.0.1",
        "content_type": 8,
        "object_id": 1,
        "created": "2018-05-09T23:26:27.704Z"
    }
},
{
    "model": "analytics.objectviewed",
    "pk": 60,
    "fields": {
        "user": null,
        "ip_address": "127.0.0.1",
        "content_type": 8,
        "object_id": 1,
        "created": "2018-05-09T23:26:32.752Z"
    }
},
{
    "model": "analytics.objectviewed",
    "pk": 61,
    "fields": {
        "user": null,
        "ip_address": "127.0.0.1",
        "content_type": 8,
        "object_id": 1,
        "created": "2018-05-09T23:26:45.565Z"
    }
},
{
    "model": "analytics.objectviewed",
    "pk": 62,
    "fields": {
        "user": null,
        "ip_address": "127.0.0.1",
        "content_type": 8,
        "object_id": 1,
        "created": "2018-05-09T23:26:46.260Z"
    }
},
{
    "model": "analytics.objectviewed",
    "pk": 63,
    "fields": {
        "user": null,
        "ip_address": "127.0.0.1",
        "content_type": 8,
        "object_id": 1,
        "created": "2018-05-09T23:26:52.823Z"
    }
},
{
    "model": "analytics.objectviewed",
    "pk": 64,
    "fields": {
        "user": null,
        "ip_address": "127.0.0.1",
        "content_type": 8,
        "object_id": 1,
        "created": "2018-05-09T23:26:59.831Z"
    }
},
{
    "model": "analytics.objectviewed",
    "pk": 65,
    "fields": {
        "user": null,
        "ip_address": "127.0.0.1",
        "content_type": 8,
        "object_id": 1,
        "created": "2018-05-09T23:27:05.929Z"
    }
},
{
    "model": "analytics.objectviewed",
    "pk": 66,
    "fields": {
        "user": null,
        "ip_address": "127.0.0.1",
        "content_type": 8,
        "object_id": 1,
        "created": "2018-05-09T23:27:14.246Z"
    }
},
{
    "model": "analytics.objectviewed",
    "pk": 67,
    "fields": {
        "user": null,
        "ip_address": "127.0.0.1",
        "content_type": 8,
        "object_id": 1,
        "created": "2018-05-09T23:27:35.544Z"
    }
},
{
    "model": "analytics.objectviewed",
    "pk": 68,
    "fields": {
        "user": null,
        "ip_address": "127.0.0.1",
        "content_type": 8,
        "object_id": 1,
        "created": "2018-05-09T23:27:43.404Z"
    }
},
{
    "model": "analytics.objectviewed",
    "pk": 69,
    "fields": {
        "user": null,
        "ip_address": "127.0.0.1",
        "content_type": 8,
        "object_id": 1,
        "created": "2018-05-09T23:27:44.031Z"
    }
},
{
    "model": "analytics.objectviewed",
    "pk": 70,
    "fields": {
        "user": null,
        "ip_address": "127.0.0.1",
        "content_type": 8,
        "object_id": 1,
        "created": "2018-05-09T23:27:48.937Z"
    }
},
{
    "model": "analytics.objectviewed",
    "pk": 71,
    "fields": {
        "user": null,
        "ip_address": "127.0.0.1",
        "content_type": 8,
        "object_id": 1,
        "created": "2018-05-09T23:27:52.336Z"
    }
},
{
    "model": "analytics.objectviewed",
    "pk": 72,
    "fields": {
        "user": null,
        "ip_address": "127.0.0.1",
        "content_type": 8,
        "object_id": 1,
        "created": "2018-05-09T23:28:07.011Z"
    }
},
{
    "model": "analytics.objectviewed",
    "pk": 73,
    "fields": {
        "user": null,
        "ip_address": "127.0.0.1",
        "content_type": 8,
        "object_id": 1,
        "created": "2018-05-09T23:28:07.896Z"
    }
},
{
    "model": "analytics.objectviewed",
    "pk": 74,
    "fields": {
        "user": null,
        "ip_address": "127.0.0.1",
        "content_type": 8,
        "object_id": 1,
        "created": "2018-05-09T23:28:11.285Z"
    }
},
{
    "model": "analytics.objectviewed",
    "pk": 75,
    "fields": {
        "user": null,
        "ip_address": "127.0.0.1",
        "content_type": 8,
        "object_id": 1,
        "created": "2018-05-09T23:28:28.601Z"
    }
},
{
    "model": "analytics.objectviewed",
    "pk": 76,
    "fields": {
        "user": null,
        "ip_address": "127.0.0.1",
        "content_type": 8,
        "object_id": 1,
        "created": "2018-05-09T23:28:31.677Z"
    }
},
{
    "model": "analytics.objectviewed",
    "pk": 77,
    "fields": {
        "user": null,
        "ip_address": "127.0.0.1",
        "content_type": 8,
        "object_id": 1,
        "created": "2018-05-09T23:28:37.364Z"
    }
},
{
    "model": "analytics.objectviewed",
    "pk": 78,
    "fields": {
        "user": null,
        "ip_address": "127.0.0.1",
        "content_type": 8,
        "object_id": 1,
        "created": "2018-05-09T23:28:39.836Z"
    }
},
{
    "model": "analytics.objectviewed",
    "pk": 79,
    "fields": {
        "user": null,
        "ip_address": "127.0.0.1",
        "content_type": 8,
        "object_id": 1,
        "created": "2018-05-09T23:28:44.934Z"
    }
},
{
    "model": "analytics.objectviewed",
    "pk": 80,
    "fields": {
        "user": null,
        "ip_address": "127.0.0.1",
        "content_type": 8,
        "object_id": 1,
        "created": "2018-05-09T23:28:47.217Z"
    }
},
{
    "model": "analytics.objectviewed",
    "pk": 81,
    "fields": {
        "user": null,
        "ip_address": "127.0.0.1",
        "content_type": 8,
        "object_id": 1,
        "created": "2018-05-09T23:28:51.288Z"
    }
},
{
    "model": "analytics.objectviewed",
    "pk": 82,
    "fields": {
        "user": null,
        "ip_address": "127.0.0.1",
        "content_type": 8,
        "object_id": 1,
        "created": "2018-05-09T23:29:01.245Z"
    }
},
{
    "model": "analytics.objectviewed",
    "pk": 83,
    "fields": {
        "user": null,
        "ip_address": "127.0.0.1",
        "content_type": 8,
        "object_id": 1,
        "created": "2018-05-09T23:29:04.261Z"
    }
},
{
    "model": "analytics.objectviewed",
    "pk": 84,
    "fields": {
        "user": null,
        "ip_address": "127.0.0.1",
        "content_type": 8,
        "object_id": 1,
        "created": "2018-05-09T23:29:09.982Z"
    }
},
{
    "model": "analytics.objectviewed",
    "pk": 85,
    "fields": {
        "user": null,
        "ip_address": "127.0.0.1",
        "content_type": 8,
        "object_id": 1,
        "created": "2018-05-09T23:29:15.032Z"
    }
},
{
    "model": "analytics.objectviewed",
    "pk": 86,
    "fields": {
        "user": null,
        "ip_address": "127.0.0.1",
        "content_type": 8,
        "object_id": 1,
        "created": "2018-05-09T23:29:19.454Z"
    }
},
{
    "model": "analytics.objectviewed",
    "pk": 87,
    "fields": {
        "user": null,
        "ip_address": "127.0.0.1",
        "content_type": 8,
        "object_id": 1,
        "created": "2018-05-09T23:29:32.096Z"
    }
},
{
    "model": "analytics.objectviewed",
    "pk": 88,
    "fields": {
        "user": null,
        "ip_address": "127.0.0.1",
        "content_type": 8,
        "object_id": 1,
        "created": "2018-05-09T23:29:45.539Z"
    }
},
{
    "model": "analytics.objectviewed",
    "pk": 89,
    "fields": {
        "user": null,
        "ip_address": "127.0.0.1",
        "content_type": 8,
        "object_id": 1,
        "created": "2018-05-09T23:29:50.376Z"
    }
},
{
    "model": "analytics.objectviewed",
    "pk": 90,
    "fields": {
        "user": null,
        "ip_address": "127.0.0.1",
        "content_type": 8,
        "object_id": 1,
        "created": "2018-05-09T23:32:19.526Z"
    }
},
{
    "model": "analytics.objectviewed",
    "pk": 91,
    "fields": {
        "user": null,
        "ip_address": "127.0.0.1",
        "content_type": 8,
        "object_id": 1,
        "created": "2018-05-09T23:32:29.390Z"
    }
},
{
    "model": "analytics.objectviewed",
    "pk": 92,
    "fields": {
        "user": null,
        "ip_address": "127.0.0.1",
        "content_type": 8,
        "object_id": 1,
        "created": "2018-05-09T23:32:50.791Z"
    }
},
{
    "model": "analytics.objectviewed",
    "pk": 93,
    "fields": {
        "user": null,
        "ip_address": "127.0.0.1",
        "content_type": 8,
        "object_id": 1,
        "created": "2018-05-09T23:32:51.195Z"
    }
},
{
    "model": "analytics.objectviewed",
    "pk": 94,
    "fields": {
        "user": null,
        "ip_address": "127.0.0.1",
        "content_type": 8,
        "object_id": 1,
        "created": "2018-05-09T23:33:01.467Z"
    }
},
{
    "model": "analytics.objectviewed",
    "pk": 95,
    "fields": {
        "user": null,
        "ip_address": "127.0.0.1",
        "content_type": 8,
        "object_id": 1,
        "created": "2018-05-09T23:33:06.853Z"
    }
},
{
    "model": "analytics.objectviewed",
    "pk": 96,
    "fields": {
        "user": null,
        "ip_address": "127.0.0.1",
        "content_type": 8,
        "object_id": 1,
        "created": "2018-05-09T23:33:12.428Z"
    }
},
{
    "model": "analytics.objectviewed",
    "pk": 97,
    "fields": {
        "user": null,
        "ip_address": "127.0.0.1",
        "content_type": 8,
        "object_id": 1,
        "created": "2018-05-09T23:33:13.107Z"
    }
},
{
    "model": "analytics.objectviewed",
    "pk": 98,
    "fields": {
        "user": null,
        "ip_address": "127.0.0.1",
        "content_type": 8,
        "object_id": 1,
        "created": "2018-05-09T23:33:16.975Z"
    }
},
{
    "model": "analytics.objectviewed",
    "pk": 99,
    "fields": {
        "user": null,
        "ip_address": "127.0.0.1",
        "content_type": 8,
        "object_id": 1,
        "created": "2018-05-09T23:35:12.740Z"
    }
},
{
    "model": "analytics.objectviewed",
    "pk": 100,
    "fields": {
        "user": null,
        "ip_address": "127.0.0.1",
        "content_type": 8,
        "object_id": 1,
        "created": "2018-05-09T23:35:13.080Z"
    }
},
{
    "model": "analytics.objectviewed",
    "pk": 101,
    "fields": {
        "user": null,
        "ip_address": "127.0.0.1",
        "content_type": 8,
        "object_id": 1,
        "created": "2018-05-09T23:35:20.988Z"
    }
},
{
    "model": "analytics.objectviewed",
    "pk": 102,
    "fields": {
        "user": null,
        "ip_address": "127.0.0.1",
        "content_type": 8,
        "object_id": 1,
        "created": "2018-05-09T23:35:21.232Z"
    }
},
{
    "model": "analytics.objectviewed",
    "pk": 103,
    "fields": {
        "user": null,
        "ip_address": "127.0.0.1",
        "content_type": 8,
        "object_id": 1,
        "created": "2018-05-09T23:35:26.991Z"
    }
},
{
    "model": "analytics.objectviewed",
    "pk": 104,
    "fields": {
        "user": null,
        "ip_address": "127.0.0.1",
        "content_type": 8,
        "object_id": 1,
        "created": "2018-05-09T23:35:34.075Z"
    }
},
{
    "model": "analytics.objectviewed",
    "pk": 105,
    "fields": {
        "user": null,
        "ip_address": "127.0.0.1",
        "content_type": 8,
        "object_id": 1,
        "created": "2018-05-09T23:35:34.289Z"
    }
},
{
    "model": "analytics.objectviewed",
    "pk": 106,
    "fields": {
        "user": null,
        "ip_address": "127.0.0.1",
        "content_type": 8,
        "object_id": 1,
        "created": "2018-05-09T23:35:44.506Z"
    }
},
{
    "model": "analytics.objectviewed",
    "pk": 107,
    "fields": {
        "user": null,
        "ip_address": "127.0.0.1",
        "content_type": 8,
        "object_id": 1,
        "created": "2018-05-09T23:35:47.937Z"
    }
},
{
    "model": "analytics.objectviewed",
    "pk": 108,
    "fields": {
        "user": null,
        "ip_address": "127.0.0.1",
        "content_type": 8,
        "object_id": 1,
        "created": "2018-05-09T23:35:55.637Z"
    }
},
{
    "model": "analytics.objectviewed",
    "pk": 109,
    "fields": {
        "user": null,
        "ip_address": "127.0.0.1",
        "content_type": 8,
        "object_id": 1,
        "created": "2018-05-09T23:35:57.804Z"
    }
},
{
    "model": "analytics.objectviewed",
    "pk": 110,
    "fields": {
        "user": null,
        "ip_address": "127.0.0.1",
        "content_type": 8,
        "object_id": 1,
        "created": "2018-05-09T23:36:00.305Z"
    }
},
{
    "model": "analytics.objectviewed",
    "pk": 111,
    "fields": {
        "user": null,
        "ip_address": "127.0.0.1",
        "content_type": 8,
        "object_id": 1,
        "created": "2018-05-09T23:36:09.068Z"
    }
},
{
    "model": "analytics.objectviewed",
    "pk": 112,
    "fields": {
        "user": null,
        "ip_address": "127.0.0.1",
        "content_type": 8,
        "object_id": 1,
        "created": "2018-05-10T00:12:26.539Z"
    }
},
{
    "model": "analytics.objectviewed",
    "pk": 113,
    "fields": {
        "user": null,
        "ip_address": "127.0.0.1",
        "content_type": 8,
        "object_id": 3,
        "created": "2018-05-10T00:12:31.483Z"
    }
},
{
    "model": "analytics.objectviewed",
    "pk": 114,
    "fields": {
        "user": null,
        "ip_address": "127.0.0.1",
        "content_type": 8,
        "object_id": 2,
        "created": "2018-05-10T00:12:35.311Z"
    }
},
{
    "model": "analytics.objectviewed",
    "pk": 115,
    "fields": {
        "user": null,
        "ip_address": "127.0.0.1",
        "content_type": 8,
        "object_id": 2,
        "created": "2018-05-10T00:12:47.193Z"
    }
},
{
    "model": "analytics.objectviewed",
    "pk": 116,
    "fields": {
        "user": null,
        "ip_address": "127.0.0.1",
        "content_type": 8,
        "object_id": 2,
        "created": "2018-05-10T00:12:49.719Z"
    }
},
{
    "model": "analytics.objectviewed",
    "pk": 117,
    "fields": {
        "user": null,
        "ip_address": "127.0.0.1",
        "content_type": 8,
        "object_id": 2,
        "created": "2018-05-10T00:13:28.985Z"
    }
},
{
    "model": "analytics.objectviewed",
    "pk": 118,
    "fields": {
        "user": null,
        "ip_address": "127.0.0.1",
        "content_type": 8,
        "object_id": 2,
        "created": "2018-05-10T00:13:44.819Z"
    }
},
{
    "model": "analytics.objectviewed",
    "pk": 119,
    "fields": {
        "user": null,
        "ip_address": "127.0.0.1",
        "content_type": 8,
        "object_id": 2,
        "created": "2018-05-10T00:14:21.319Z"
    }
},
{
    "model": "analytics.objectviewed",
    "pk": 120,
    "fields": {
        "user": null,
        "ip_address": "127.0.0.1",
        "content_type": 8,
        "object_id": 2,
        "created": "2018-05-10T00:14:43.332Z"
    }
},
{
    "model": "analytics.objectviewed",
    "pk": 121,
    "fields": {
        "user": null,
        "ip_address": "127.0.0.1",
        "content_type": 8,
        "object_id": 2,
        "created": "2018-05-10T00:15:34.669Z"
    }
},
{
    "model": "analytics.objectviewed",
    "pk": 122,
    "fields": {
        "user": 15,
        "ip_address": "127.0.0.1",
        "content_type": 8,
        "object_id": 1,
        "created": "2018-05-10T01:04:42.053Z"
    }
},
{
    "model": "analytics.objectviewed",
    "pk": 123,
    "fields": {
        "user": 15,
        "ip_address": "127.0.0.1",
        "content_type": 8,
        "object_id": 1,
        "created": "2018-05-10T01:05:30.526Z"
    }
},
{
    "model": "analytics.objectviewed",
    "pk": 124,
    "fields": {
        "user": 15,
        "ip_address": "127.0.0.1",
        "content_type": 8,
        "object_id": 1,
        "created": "2018-05-10T01:06:38.106Z"
    }
},
{
    "model": "analytics.objectviewed",
    "pk": 125,
    "fields": {
        "user": 15,
        "ip_address": "127.0.0.1",
        "content_type": 8,
        "object_id": 2,
        "created": "2018-05-10T01:07:17.861Z"
    }
},
{
    "model": "analytics.objectviewed",
    "pk": 126,
    "fields": {
        "user": 15,
        "ip_address": "127.0.0.1",
        "content_type": 8,
        "object_id": 1,
        "created": "2018-05-10T01:07:24.251Z"
    }
},
{
    "model": "analytics.objectviewed",
    "pk": 127,
    "fields": {
        "user": 15,
        "ip_address": "127.0.0.1",
        "content_type": 8,
        "object_id": 1,
        "created": "2018-05-10T01:08:32.843Z"
    }
},
{
    "model": "analytics.objectviewed",
    "pk": 128,
    "fields": {
        "user": 15,
        "ip_address": "127.0.0.1",
        "content_type": 8,
        "object_id": 1,
        "created": "2018-05-10T01:09:58.078Z"
    }
},
{
    "model": "analytics.objectviewed",
    "pk": 129,
    "fields": {
        "user": 15,
        "ip_address": "127.0.0.1",
        "content_type": 8,
        "object_id": 1,
        "created": "2018-05-10T01:12:21.757Z"
    }
},
{
    "model": "analytics.objectviewed",
    "pk": 130,
    "fields": {
        "user": 15,
        "ip_address": "127.0.0.1",
        "content_type": 8,
        "object_id": 2,
        "created": "2018-05-10T01:16:40.667Z"
    }
},
{
    "model": "analytics.objectviewed",
    "pk": 131,
    "fields": {
        "user": 15,
        "ip_address": "127.0.0.1",
        "content_type": 8,
        "object_id": 2,
        "created": "2018-05-10T01:16:52.154Z"
    }
},
{
    "model": "analytics.objectviewed",
    "pk": 132,
    "fields": {
        "user": 15,
        "ip_address": "127.0.0.1",
        "content_type": 8,
        "object_id": 2,
        "created": "2018-05-10T01:16:57.171Z"
    }
},
{
    "model": "analytics.objectviewed",
    "pk": 133,
    "fields": {
        "user": 15,
        "ip_address": "127.0.0.1",
        "content_type": 8,
        "object_id": 2,
        "created": "2018-05-10T01:18:25.476Z"
    }
},
{
    "model": "analytics.objectviewed",
    "pk": 134,
    "fields": {
        "user": 15,
        "ip_address": "127.0.0.1",
        "content_type": 8,
        "object_id": 2,
        "created": "2018-05-10T01:18:58.243Z"
    }
},
{
    "model": "analytics.objectviewed",
    "pk": 135,
    "fields": {
        "user": 15,
        "ip_address": "127.0.0.1",
        "content_type": 8,
        "object_id": 2,
        "created": "2018-05-10T01:19:24.045Z"
    }
},
{
    "model": "analytics.objectviewed",
    "pk": 136,
    "fields": {
        "user": 15,
        "ip_address": "127.0.0.1",
        "content_type": 8,
        "object_id": 2,
        "created": "2018-05-10T01:19:32.081Z"
    }
},
{
    "model": "analytics.objectviewed",
    "pk": 137,
    "fields": {
        "user": 15,
        "ip_address": "127.0.0.1",
        "content_type": 8,
        "object_id": 2,
        "created": "2018-05-10T01:21:40.205Z"
    }
},
{
    "model": "analytics.objectviewed",
    "pk": 138,
    "fields": {
        "user": 15,
        "ip_address": "127.0.0.1",
        "content_type": 8,
        "object_id": 1,
        "created": "2018-05-10T01:37:02.561Z"
    }
},
{
    "model": "analytics.objectviewed",
    "pk": 139,
    "fields": {
        "user": 15,
        "ip_address": "127.0.0.1",
        "content_type": 8,
        "object_id": 3,
        "created": "2018-05-10T01:37:06.899Z"
    }
},
{
    "model": "analytics.objectviewed",
    "pk": 140,
    "fields": {
        "user": 15,
        "ip_address": "127.0.0.1",
        "content_type": 8,
        "object_id": 1,
        "created": "2018-05-10T01:37:11.461Z"
    }
},
{
    "model": "analytics.objectviewed",
    "pk": 141,
    "fields": {
        "user": 15,
        "ip_address": "127.0.0.1",
        "content_type": 8,
        "object_id": 1,
        "created": "2018-05-10T01:38:23.064Z"
    }
},
{
    "model": "analytics.objectviewed",
    "pk": 142,
    "fields": {
        "user": 15,
        "ip_address": "127.0.0.1",
        "content_type": 8,
        "object_id": 3,
        "created": "2018-05-10T01:39:02.119Z"
    }
},
{
    "model": "analytics.objectviewed",
    "pk": 143,
    "fields": {
        "user": 15,
        "ip_address": "127.0.0.1",
        "content_type": 8,
        "object_id": 1,
        "created": "2018-05-10T01:39:48.919Z"
    }
},
{
    "model": "analytics.objectviewed",
    "pk": 144,
    "fields": {
        "user": 15,
        "ip_address": "127.0.0.1",
        "content_type": 8,
        "object_id": 1,
        "created": "2018-05-10T01:39:53.391Z"
    }
},
{
    "model": "analytics.objectviewed",
    "pk": 145,
    "fields": {
        "user": 15,
        "ip_address": "127.0.0.1",
        "content_type": 8,
        "object_id": 1,
        "created": "2018-05-10T01:40:31.695Z"
    }
},
{
    "model": "analytics.objectviewed",
    "pk": 146,
    "fields": {
        "user": 15,
        "ip_address": "127.0.0.1",
        "content_type": 8,
        "object_id": 1,
        "created": "2018-05-10T01:40:54.313Z"
    }
},
{
    "model": "analytics.objectviewed",
    "pk": 147,
    "fields": {
        "user": 15,
        "ip_address": "127.0.0.1",
        "content_type": 8,
        "object_id": 1,
        "created": "2018-05-10T01:41:27.227Z"
    }
},
{
    "model": "analytics.objectviewed",
    "pk": 148,
    "fields": {
        "user": 15,
        "ip_address": "127.0.0.1",
        "content_type": 8,
        "object_id": 1,
        "created": "2018-05-10T01:41:40.300Z"
    }
},
{
    "model": "analytics.objectviewed",
    "pk": 149,
    "fields": {
        "user": 15,
        "ip_address": "127.0.0.1",
        "content_type": 8,
        "object_id": 1,
        "created": "2018-05-10T01:42:40.175Z"
    }
},
{
    "model": "analytics.objectviewed",
    "pk": 150,
    "fields": {
        "user": 15,
        "ip_address": "127.0.0.1",
        "content_type": 8,
        "object_id": 1,
        "created": "2018-05-10T01:43:54.360Z"
    }
},
{
    "model": "analytics.objectviewed",
    "pk": 151,
    "fields": {
        "user": 15,
        "ip_address": "127.0.0.1",
        "content_type": 8,
        "object_id": 1,
        "created": "2018-05-10T01:44:10.839Z"
    }
},
{
    "model": "analytics.objectviewed",
    "pk": 152,
    "fields": {
        "user": 15,
        "ip_address": "127.0.0.1",
        "content_type": 8,
        "object_id": 1,
        "created": "2018-05-10T01:45:41.576Z"
    }
},
{
    "model": "analytics.objectviewed",
    "pk": 153,
    "fields": {
        "user": 15,
        "ip_address": "127.0.0.1",
        "content_type": 8,
        "object_id": 2,
        "created": "2018-05-10T01:48:48.761Z"
    }
},
{
    "model": "analytics.objectviewed",
    "pk": 154,
    "fields": {
        "user": 15,
        "ip_address": "127.0.0.1",
        "content_type": 8,
        "object_id": 2,
        "created": "2018-05-10T01:48:53.711Z"
    }
},
{
    "model": "analytics.objectviewed",
    "pk": 155,
    "fields": {
        "user": 15,
        "ip_address": "127.0.0.1",
        "content_type": 8,
        "object_id": 2,
        "created": "2018-05-10T01:48:59.401Z"
    }
},
{
    "model": "analytics.objectviewed",
    "pk": 156,
    "fields": {
        "user": 15,
        "ip_address": "127.0.0.1",
        "content_type": 8,
        "object_id": 2,
        "created": "2018-05-10T01:50:22.133Z"
    }
},
{
    "model": "analytics.objectviewed",
    "pk": 157,
    "fields": {
        "user": 15,
        "ip_address": "127.0.0.1",
        "content_type": 8,
        "object_id": 2,
        "created": "2018-05-10T01:54:02.620Z"
    }
},
{
    "model": "analytics.objectviewed",
    "pk": 158,
    "fields": {
        "user": 15,
        "ip_address": "127.0.0.1",
        "content_type": 8,
        "object_id": 2,
        "created": "2018-05-10T01:54:17.792Z"
    }
},
{
    "model": "analytics.objectviewed",
    "pk": 159,
    "fields": {
        "user": 15,
        "ip_address": "127.0.0.1",
        "content_type": 8,
        "object_id": 2,
        "created": "2018-05-10T01:54:35.500Z"
    }
},
{
    "model": "analytics.objectviewed",
    "pk": 160,
    "fields": {
        "user": 15,
        "ip_address": "127.0.0.1",
        "content_type": 8,
        "object_id": 2,
        "created": "2018-05-10T01:54:44.743Z"
    }
},
{
    "model": "analytics.objectviewed",
    "pk": 161,
    "fields": {
        "user": 15,
        "ip_address": "127.0.0.1",
        "content_type": 8,
        "object_id": 2,
        "created": "2018-05-10T01:54:59.101Z"
    }
},
{
    "model": "analytics.objectviewed",
    "pk": 162,
    "fields": {
        "user": 15,
        "ip_address": "127.0.0.1",
        "content_type": 8,
        "object_id": 2,
        "created": "2018-05-10T01:57:07.237Z"
    }
},
{
    "model": "analytics.objectviewed",
    "pk": 163,
    "fields": {
        "user": 15,
        "ip_address": "127.0.0.1",
        "content_type": 8,
        "object_id": 2,
        "created": "2018-05-10T01:57:27.200Z"
    }
},
{
    "model": "analytics.objectviewed",
    "pk": 164,
    "fields": {
        "user": 15,
        "ip_address": "127.0.0.1",
        "content_type": 8,
        "object_id": 2,
        "created": "2018-05-10T01:57:39.802Z"
    }
},
{
    "model": "analytics.objectviewed",
    "pk": 165,
    "fields": {
        "user": 15,
        "ip_address": "127.0.0.1",
        "content_type": 8,
        "object_id": 2,
        "created": "2018-05-10T01:57:47.803Z"
    }
},
{
    "model": "analytics.objectviewed",
    "pk": 166,
    "fields": {
        "user": 15,
        "ip_address": "127.0.0.1",
        "content_type": 8,
        "object_id": 2,
        "created": "2018-05-10T01:57:59.567Z"
    }
},
{
    "model": "analytics.objectviewed",
    "pk": 167,
    "fields": {
        "user": 15,
        "ip_address": "127.0.0.1",
        "content_type": 8,
        "object_id": 2,
        "created": "2018-05-10T01:58:05.486Z"
    }
},
{
    "model": "analytics.objectviewed",
    "pk": 168,
    "fields": {
        "user": 15,
        "ip_address": "127.0.0.1",
        "content_type": 8,
        "object_id": 2,
        "created": "2018-05-10T02:05:23.021Z"
    }
},
{
    "model": "analytics.objectviewed",
    "pk": 169,
    "fields": {
        "user": 15,
        "ip_address": "127.0.0.1",
        "content_type": 8,
        "object_id": 2,
        "created": "2018-05-10T02:05:40.001Z"
    }
},
{
    "model": "analytics.objectviewed",
    "pk": 170,
    "fields": {
        "user": 15,
        "ip_address": "127.0.0.1",
        "content_type": 8,
        "object_id": 2,
        "created": "2018-05-10T02:07:11.861Z"
    }
},
{
    "model": "analytics.objectviewed",
    "pk": 171,
    "fields": {
        "user": 15,
        "ip_address": "127.0.0.1",
        "content_type": 8,
        "object_id": 2,
        "created": "2018-05-10T02:09:10.453Z"
    }
},
{
    "model": "analytics.objectviewed",
    "pk": 172,
    "fields": {
        "user": 15,
        "ip_address": "127.0.0.1",
        "content_type": 8,
        "object_id": 7,
        "created": "2018-05-17T04:39:51.226Z"
    }
},
{
    "model": "analytics.objectviewed",
    "pk": 173,
    "fields": {
        "user": 15,
        "ip_address": "127.0.0.1",
        "content_type": 8,
        "object_id": 7,
        "created": "2018-05-17T04:39:54.710Z"
    }
},
{
    "model": "analytics.objectviewed",
    "pk": 174,
    "fields": {
        "user": 15,
        "ip_address": "127.0.0.1",
        "content_type": 8,
        "object_id": 3,
        "created": "2018-05-17T04:44:12.828Z"
    }
},
{
    "model": "analytics.objectviewed",
    "pk": 175,
    "fields": {
        "user": null,
        "ip_address": "127.0.0.1",
        "content_type": 8,
        "object_id": 1,
        "created": "2018-05-18T13:44:40.588Z"
    }
},
{
    "model": "analytics.objectviewed",
    "pk": 176,
    "fields": {
        "user": null,
        "ip_address": "127.0.0.1",
        "content_type": 8,
        "object_id": 1,
        "created": "2018-05-18T13:45:14.513Z"
    }
},
{
    "model": "analytics.objectviewed",
    "pk": 177,
    "fields": {
        "user": null,
        "ip_address": "127.0.0.1",
        "content_type": 8,
        "object_id": 1,
        "created": "2018-05-18T13:48:18.432Z"
    }
},
{
    "model": "analytics.objectviewed",
    "pk": 178,
    "fields": {
        "user": null,
        "ip_address": "127.0.0.1",
        "content_type": 8,
        "object_id": 1,
        "created": "2018-05-18T13:51:39.010Z"
    }
},
{
    "model": "analytics.objectviewed",
    "pk": 179,
    "fields": {
        "user": null,
        "ip_address": "127.0.0.1",
        "content_type": 8,
        "object_id": 1,
        "created": "2018-05-18T13:51:43.738Z"
    }
},
{
    "model": "analytics.objectviewed",
    "pk": 180,
    "fields": {
        "user": null,
        "ip_address": "127.0.0.1",
        "content_type": 8,
        "object_id": 1,
        "created": "2018-05-18T13:54:02.861Z"
    }
},
{
    "model": "analytics.objectviewed",
    "pk": 181,
    "fields": {
        "user": null,
        "ip_address": "127.0.0.1",
        "content_type": 8,
        "object_id": 1,
        "created": "2018-05-18T13:54:22.416Z"
    }
},
{
    "model": "analytics.objectviewed",
    "pk": 182,
    "fields": {
        "user": null,
        "ip_address": "127.0.0.1",
        "content_type": 8,
        "object_id": 1,
        "created": "2018-05-18T14:26:24.449Z"
    }
},
{
    "model": "analytics.objectviewed",
    "pk": 183,
    "fields": {
        "user": null,
        "ip_address": "127.0.0.1",
        "content_type": 8,
        "object_id": 1,
        "created": "2018-05-18T14:26:46.686Z"
    }
},
{
    "model": "analytics.objectviewed",
    "pk": 184,
    "fields": {
        "user": null,
        "ip_address": "127.0.0.1",
        "content_type": 8,
        "object_id": 1,
        "created": "2018-05-18T14:29:26.488Z"
    }
},
{
    "model": "analytics.objectviewed",
    "pk": 185,
    "fields": {
        "user": null,
        "ip_address": "127.0.0.1",
        "content_type": 8,
        "object_id": 1,
        "created": "2018-05-18T14:30:33.000Z"
    }
},
{
    "model": "analytics.objectviewed",
    "pk": 186,
    "fields": {
        "user": null,
        "ip_address": "127.0.0.1",
        "content_type": 8,
        "object_id": 1,
        "created": "2018-05-18T14:30:38.385Z"
    }
},
{
    "model": "analytics.objectviewed",
    "pk": 187,
    "fields": {
        "user": null,
        "ip_address": "127.0.0.1",
        "content_type": 8,
        "object_id": 1,
        "created": "2018-05-18T14:30:42.293Z"
    }
},
{
    "model": "analytics.objectviewed",
    "pk": 188,
    "fields": {
        "user": null,
        "ip_address": "127.0.0.1",
        "content_type": 8,
        "object_id": 1,
        "created": "2018-05-18T14:30:52.459Z"
    }
},
{
    "model": "admin.logentry",
    "pk": 1,
    "fields": {
        "action_time": "2018-05-02T13:25:20.750Z",
        "user": 1,
        "content_type": 8,
        "object_id": "1",
        "object_repr": "book",
        "action_flag": 1,
        "change_message": "[{\"added\": {}}]"
    }
},
{
    "model": "admin.logentry",
    "pk": 2,
    "fields": {
        "action_time": "2018-05-02T13:25:49.438Z",
        "user": 1,
        "content_type": 8,
        "object_id": "2",
        "object_repr": "laptop",
        "action_flag": 1,
        "change_message": "[{\"added\": {}}]"
    }
},
{
    "model": "admin.logentry",
    "pk": 3,
    "fields": {
        "action_time": "2018-05-02T13:26:27.882Z",
        "user": 1,
        "content_type": 8,
        "object_id": "3",
        "object_repr": "table",
        "action_flag": 1,
        "change_message": "[{\"added\": {}}]"
    }
},
{
    "model": "admin.logentry",
    "pk": 4,
    "fields": {
        "action_time": "2018-05-02T17:01:04.145Z",
        "user": 1,
        "content_type": 6,
        "object_id": "2",
        "object_repr": "lele@mail.com",
        "action_flag": 2,
        "change_message": "[]"
    }
},
{
    "model": "admin.logentry",
    "pk": 5,
    "fields": {
        "action_time": "2018-05-02T17:01:29.289Z",
        "user": 1,
        "content_type": 12,
        "object_id": "2",
        "object_repr": "lele@mail.com",
        "action_flag": 2,
        "change_message": "[]"
    }
},
{
    "model": "admin.logentry",
    "pk": 6,
    "fields": {
        "action_time": "2018-05-02T17:03:18.238Z",
        "user": 1,
        "content_type": 12,
        "object_id": "2",
        "object_repr": "lele@mail.com",
        "action_flag": 2,
        "change_message": "[]"
    }
},
{
    "model": "admin.logentry",
    "pk": 7,
    "fields": {
        "action_time": "2018-05-05T00:32:27.941Z",
        "user": 1,
        "content_type": 6,
        "object_id": "7",
        "object_repr": "le0nana0888@gmail.com",
        "action_flag": 3,
        "change_message": ""
    }
},
{
    "model": "admin.logentry",
    "pk": 8,
    "fields": {
        "action_time": "2018-05-05T00:34:46.402Z",
        "user": 1,
        "content_type": 6,
        "object_id": "8",
        "object_repr": "le0nana0888@gmail.com",
        "action_flag": 3,
        "change_message": ""
    }
},
{
    "model": "admin.logentry",
    "pk": 9,
    "fields": {
        "action_time": "2018-05-05T00:35:49.898Z",
        "user": 1,
        "content_type": 6,
        "object_id": "9",
        "object_repr": "le0nana0888@gmail.com",
        "action_flag": 3,
        "change_message": ""
    }
},
{
    "model": "admin.logentry",
    "pk": 10,
    "fields": {
        "action_time": "2018-05-05T00:39:13.523Z",
        "user": 1,
        "content_type": 6,
        "object_id": "10",
        "object_repr": "le0nana0888@gmail.com",
        "action_flag": 3,
        "change_message": ""
    }
},
{
    "model": "admin.logentry",
    "pk": 11,
    "fields": {
        "action_time": "2018-05-05T02:33:43.387Z",
        "user": 1,
        "content_type": 6,
        "object_id": "11",
        "object_repr": "le0nana0888@gmail.com",
        "action_flag": 3,
        "change_message": ""
    }
},
{
    "model": "admin.logentry",
    "pk": 12,
    "fields": {
        "action_time": "2018-05-05T02:38:43.402Z",
        "user": 1,
        "content_type": 6,
        "object_id": "12",
        "object_repr": "le0nana0888@gmail.com",
        "action_flag": 3,
        "change_message": ""
    }
},
{
    "model": "admin.logentry",
    "pk": 13,
    "fields": {
        "action_time": "2018-05-05T02:53:03.107Z",
        "user": 1,
        "content_type": 6,
        "object_id": "13",
        "object_repr": "le0nana0888@gmail.com",
        "action_flag": 3,
        "change_message": ""
    }
},
{
    "model": "admin.logentry",
    "pk": 14,
    "fields": {
        "action_time": "2018-05-06T23:45:30.410Z",
        "user": 1,
        "content_type": 6,
        "object_id": "14",
        "object_repr": "le0nana0888@gmail.com",
        "action_flag": 2,
        "change_message": "[{\"changed\": {\"fields\": [\"is_active\"]}}]"
    }
},
{
    "model": "admin.logentry",
    "pk": 15,
    "fields": {
        "action_time": "2018-05-06T23:49:26.570Z",
        "user": 1,
        "content_type": 16,
        "object_id": "7",
        "object_repr": "le0nana0888@gmail.com",
        "action_flag": 3,
        "change_message": ""
    }
},
{
    "model": "admin.logentry",
    "pk": 16,
    "fields": {
        "action_time": "2018-05-07T01:05:49.044Z",
        "user": 1,
        "content_type": 6,
        "object_id": "14",
        "object_repr": "le0nana0888@gmail.com",
        "action_flag": 3,
        "change_message": ""
    }
},
{
    "model": "admin.logentry",
    "pk": 17,
    "fields": {
        "action_time": "2018-05-07T02:17:17.166Z",
        "user": 1,
        "content_type": 13,
        "object_id": "1",
        "object_repr": "%s viewed %s",
        "action_flag": 1,
        "change_message": "[{\"added\": {}}]"
    }
},
{
    "model": "admin.logentry",
    "pk": 18,
    "fields": {
        "action_time": "2018-05-07T02:17:34.327Z",
        "user": 1,
        "content_type": 13,
        "object_id": "2",
        "object_repr": "%s viewed %s",
        "action_flag": 1,
        "change_message": "[{\"added\": {}}]"
    }
},
{
    "model": "admin.logentry",
    "pk": 19,
    "fields": {
        "action_time": "2018-05-07T02:17:48.366Z",
        "user": 1,
        "content_type": 13,
        "object_id": "3",
        "object_repr": "%s viewed %s",
        "action_flag": 1,
        "change_message": "[{\"added\": {}}]"
    }
},
{
    "model": "admin.logentry",
    "pk": 20,
    "fields": {
        "action_time": "2018-05-09T16:07:28.594Z",
        "user": 1,
        "content_type": 8,
        "object_id": "3",
        "object_repr": "table",
        "action_flag": 2,
        "change_message": "[{\"added\": {\"name\": \"product file\", \"object\": \"product/table/Arilena_Ara__Nentori_\\u0420\\u0438\\u043d\\u0433\\u0442\\u043e\\u043d.mp3\"}}]"
    }
},
{
    "model": "admin.logentry",
    "pk": 21,
    "fields": {
        "action_time": "2018-05-09T20:26:27.486Z",
        "user": 1,
        "content_type": 8,
        "object_id": "1",
        "object_repr": "book",
        "action_flag": 2,
        "change_message": "[{\"added\": {\"name\": \"product file\", \"object\": \"product/book/Arilena_Ara__Nentori_\\u0420\\u0438\\u043d\\u0433\\u0442\\u043e\\u043d.mp3\"}}]"
    }
},
{
    "model": "admin.logentry",
    "pk": 22,
    "fields": {
        "action_time": "2018-05-09T20:31:41.266Z",
        "user": 1,
        "content_type": 8,
        "object_id": "1",
        "object_repr": "book",
        "action_flag": 2,
        "change_message": "[{\"deleted\": {\"name\": \"product file\", \"object\": \"product/book/Arilena_Ara__Nentori_\\u0420\\u0438\\u043d\\u0433\\u0442\\u043e\\u043d.mp3\"}}]"
    }
},
{
    "model": "admin.logentry",
    "pk": 23,
    "fields": {
        "action_time": "2018-05-09T20:32:18.767Z",
        "user": 1,
        "content_type": 8,
        "object_id": "1",
        "object_repr": "book",
        "action_flag": 2,
        "change_message": "[{\"added\": {\"name\": \"product file\", \"object\": \"product/book/Arilena_Ara__Nentori_\\u0420\\u0438\\u043d\\u0433\\u0442\\u043e\\u043d.mp3\"}}]"
    }
},
{
    "model": "admin.logentry",
    "pk": 24,
    "fields": {
        "action_time": "2018-05-09T20:39:55.955Z",
        "user": 1,
        "content_type": 8,
        "object_id": "1",
        "object_repr": "book",
        "action_flag": 2,
        "change_message": "[{\"deleted\": {\"name\": \"product file\", \"object\": \"product/book/Arilena_Ara__Nentori_\\u0420\\u0438\\u043d\\u0433\\u0442\\u043e\\u043d.mp3\"}}]"
    }
},
{
    "model": "admin.logentry",
    "pk": 25,
    "fields": {
        "action_time": "2018-05-09T20:40:05.354Z",
        "user": 1,
        "content_type": 8,
        "object_id": "1",
        "object_repr": "book",
        "action_flag": 2,
        "change_message": "[{\"added\": {\"name\": \"product file\", \"object\": \"product/book/Arilena.mp3\"}}]"
    }
},
{
    "model": "admin.logentry",
    "pk": 26,
    "fields": {
        "action_time": "2018-05-16T15:30:09.065Z",
        "user": 1,
        "content_type": 9,
        "object_id": "1",
        "object_repr": "Business",
        "action_flag": 1,
        "change_message": "[{\"added\": {}}]"
    }
},
{
    "model": "admin.logentry",
    "pk": 27,
    "fields": {
        "action_time": "2018-05-16T15:30:24.915Z",
        "user": 1,
        "content_type": 9,
        "object_id": "2",
        "object_repr": "Fantasy",
        "action_flag": 1,
        "change_message": "[{\"added\": {}}]"
    }
},
{
    "model": "admin.logentry",
    "pk": 28,
    "fields": {
        "action_time": "2018-05-16T15:30:35.482Z",
        "user": 1,
        "content_type": 9,
        "object_id": "3",
        "object_repr": "New fiction",
        "action_flag": 1,
        "change_message": "[{\"added\": {}}]"
    }
},
{
    "model": "admin.logentry",
    "pk": 29,
    "fields": {
        "action_time": "2018-05-16T17:59:33.122Z",
        "user": 1,
        "content_type": 8,
        "object_id": "3",
        "object_repr": "table",
        "action_flag": 2,
        "change_message": "[{\"added\": {\"name\": \"category-product relationship\", \"object\": \"Category_products object (1)\"}}]"
    }
},
{
    "model": "admin.logentry",
    "pk": 30,
    "fields": {
        "action_time": "2018-05-16T17:59:42.052Z",
        "user": 1,
        "content_type": 8,
        "object_id": "1",
        "object_repr": "book",
        "action_flag": 2,
        "change_message": "[{\"added\": {\"name\": \"category-product relationship\", \"object\": \"Category_products object (2)\"}}]"
    }
},
{
    "model": "admin.logentry",
    "pk": 31,
    "fields": {
        "action_time": "2018-05-16T18:24:42.795Z",
        "user": 1,
        "content_type": 20,
        "object_id": "1",
        "object_repr": "Bestseller",
        "action_flag": 1,
        "change_message": "[{\"added\": {}}]"
    }
},
{
    "model": "admin.logentry",
    "pk": 32,
    "fields": {
        "action_time": "2018-05-16T18:25:41.176Z",
        "user": 1,
        "content_type": 8,
        "object_id": "1",
        "object_repr": "book",
        "action_flag": 2,
        "change_message": "[{\"changed\": {\"fields\": [\"image\"]}}]"
    }
},
{
    "model": "admin.logentry",
    "pk": 33,
    "fields": {
        "action_time": "2018-05-16T18:26:43.918Z",
        "user": 1,
        "content_type": 8,
        "object_id": "4",
        "object_repr": "harry potter",
        "action_flag": 1,
        "change_message": "[{\"added\": {}}, {\"added\": {\"name\": \"collection-product relationship\", \"object\": \"Collection_products object (3)\"}}]"
    }
},
{
    "model": "admin.logentry",
    "pk": 34,
    "fields": {
        "action_time": "2018-05-16T18:28:02.324Z",
        "user": 1,
        "content_type": 8,
        "object_id": "5",
        "object_repr": "wind",
        "action_flag": 1,
        "change_message": "[{\"added\": {}}, {\"added\": {\"name\": \"collection-product relationship\", \"object\": \"Collection_products object (4)\"}}]"
    }
},
{
    "model": "admin.logentry",
    "pk": 35,
    "fields": {
        "action_time": "2018-05-16T18:28:14.986Z",
        "user": 1,
        "content_type": 8,
        "object_id": "5",
        "object_repr": "wind",
        "action_flag": 2,
        "change_message": "[{\"changed\": {\"fields\": [\"image\"]}}]"
    }
},
{
    "model": "admin.logentry",
    "pk": 36,
    "fields": {
        "action_time": "2018-05-16T18:28:45.474Z",
        "user": 1,
        "content_type": 8,
        "object_id": "6",
        "object_repr": "sun",
        "action_flag": 1,
        "change_message": "[{\"added\": {}}, {\"added\": {\"name\": \"collection-product relationship\", \"object\": \"Collection_products object (5)\"}}]"
    }
},
{
    "model": "admin.logentry",
    "pk": 37,
    "fields": {
        "action_time": "2018-05-16T18:51:06.928Z",
        "user": 1,
        "content_type": 20,
        "object_id": "2",
        "object_repr": "Children",
        "action_flag": 1,
        "change_message": "[{\"added\": {}}]"
    }
},
{
    "model": "admin.logentry",
    "pk": 38,
    "fields": {
        "action_time": "2018-05-16T18:51:53.724Z",
        "user": 1,
        "content_type": 20,
        "object_id": "1",
        "object_repr": "Bestseller",
        "action_flag": 2,
        "change_message": "[]"
    }
},
{
    "model": "admin.logentry",
    "pk": 39,
    "fields": {
        "action_time": "2018-05-16T18:52:23.994Z",
        "user": 1,
        "content_type": 20,
        "object_id": "3",
        "object_repr": "Non fiction",
        "action_flag": 1,
        "change_message": "[{\"added\": {}}]"
    }
},
{
    "model": "admin.logentry",
    "pk": 40,
    "fields": {
        "action_time": "2018-05-16T18:53:21.571Z",
        "user": 1,
        "content_type": 8,
        "object_id": "7",
        "object_repr": "Marketing wars",
        "action_flag": 1,
        "change_message": "[{\"added\": {}}, {\"added\": {\"name\": \"category-product relationship\", \"object\": \"Category_products object (3)\"}}, {\"added\": {\"name\": \"collection-product relationship\", \"object\": \"Collection_products object (17)\"}}]"
    }
},
{
    "model": "admin.logentry",
    "pk": 41,
    "fields": {
        "action_time": "2018-05-16T18:54:57.033Z",
        "user": 1,
        "content_type": 8,
        "object_id": "3",
        "object_repr": "table",
        "action_flag": 2,
        "change_message": "[{\"changed\": {\"fields\": [\"image\"]}}]"
    }
}
]
